product_id,year,month,quantity,product_name,category_name,order_price,catalog_price,category_rank,discount_rate,discount_rank,dominant_customer_segment,unique_customers
1,1996,8,63,Chai,Beverages,14.4,18.0,1,0.19999999999999996,51,VIP,31
1,1996,9,20,Chai,Beverages,14.4,18.0,1,0.19999999999999996,51,VIP,31
1,1996,11,27,Chai,Beverages,14.4,18.0,1,0.19999999999999996,51,VIP,31
1,1996,12,15,Chai,Beverages,14.4,18.0,1,0.19999999999999996,51,VIP,31
1,1997,1,34,Chai,Beverages,14.4,18.0,1,0.19999999999999996,51,VIP,31
1,1997,3,15,Chai,Beverages,14.4,18.0,1,0.19999999999999996,51,VIP,31
1,1997,4,40,Chai,Beverages,18.0,18.0,1,0.0,51,VIP,31
1,1997,5,8,Chai,Beverages,18.0,18.0,1,0.0,51,VIP,31
1,1997,6,10,Chai,Beverages,18.0,18.0,1,0.0,51,VIP,31
1,1997,7,29,Chai,Beverages,18.0,18.0,1,0.0,51,VIP,31
1,1997,8,40,Chai,Beverages,18.0,18.0,1,0.0,51,VIP,31
1,1997,10,70,Chai,Beverages,18.0,18.0,1,0.0,51,VIP,31
1,1997,11,58,Chai,Beverages,18.0,18.0,1,0.0,51,VIP,31
1,1998,1,84,Chai,Beverages,18.0,18.0,1,0.0,51,VIP,31
1,1998,2,90,Chai,Beverages,18.0,18.0,1,0.0,51,VIP,31
1,1998,3,81,Chai,Beverages,18.0,18.0,1,0.0,51,VIP,31
1,1998,4,104,Chai,Beverages,18.0,18.0,1,0.0,51,VIP,31
1,1998,5,40,Chai,Beverages,18.0,18.0,1,0.0,51,VIP,31
2,1996,7,105,Chang,Beverages,15.199999999999998,19.0,1,0.20000000000000018,31,VIP,28
2,1996,9,40,Chang,Beverages,15.2,19.0,1,0.20000000000000007,31,VIP,28
2,1996,10,56,Chang,Beverages,15.199999999999998,19.0,1,0.20000000000000018,31,VIP,28
2,1996,12,25,Chang,Beverages,15.2,19.0,1,0.20000000000000007,31,VIP,28
2,1997,1,60,Chang,Beverages,15.2,19.0,1,0.20000000000000007,31,VIP,28
2,1997,2,55,Chang,Beverages,15.2,19.0,1,0.20000000000000007,31,VIP,28
2,1997,3,60,Chang,Beverages,15.2,19.0,1,0.20000000000000007,31,VIP,28
2,1997,4,12,Chang,Beverages,19.0,19.0,1,0.0,31,VIP,28
2,1997,7,10,Chang,Beverages,19.0,19.0,1,0.0,31,VIP,28
2,1997,8,100,Chang,Beverages,19.0,19.0,1,0.0,31,VIP,28
2,1997,10,38,Chang,Beverages,19.0,19.0,1,0.0,31,VIP,28
2,1997,11,15,Chang,Beverages,19.0,19.0,1,0.0,31,VIP,28
2,1997,12,85,Chang,Beverages,19.0,19.0,1,0.0,31,VIP,28
2,1998,1,62,Chang,Beverages,19.0,19.0,1,0.0,31,VIP,28
2,1998,2,61,Chang,Beverages,19.0,19.0,1,0.0,31,VIP,28
2,1998,3,10,Chang,Beverages,19.0,19.0,1,0.0,31,VIP,28
2,1998,4,201,Chang,Beverages,19.0,19.0,1,0.0,31,VIP,28
2,1998,5,62,Chang,Beverages,19.0,19.0,1,0.0,31,VIP,28
3,1996,8,30,Aniseed Syrup,Condiments,8.0,10.0,5,0.19999999999999996,60,VIP,10
3,1997,1,50,Aniseed Syrup,Condiments,8.0,10.0,5,0.19999999999999996,60,VIP,10
3,1997,3,20,Aniseed Syrup,Condiments,8.0,10.0,5,0.19999999999999996,60,VIP,10
3,1997,5,60,Aniseed Syrup,Condiments,10.0,10.0,5,0.0,60,VIP,10
3,1997,7,14,Aniseed Syrup,Condiments,10.0,10.0,5,0.0,60,VIP,10
3,1997,10,6,Aniseed Syrup,Condiments,10.0,10.0,5,0.0,60,VIP,10
3,1997,11,20,Aniseed Syrup,Condiments,10.0,10.0,5,0.0,60,VIP,10
3,1997,12,20,Aniseed Syrup,Condiments,10.0,10.0,5,0.0,60,VIP,10
3,1998,1,79,Aniseed Syrup,Condiments,10.0,10.0,5,0.0,60,VIP,10
3,1998,4,25,Aniseed Syrup,Condiments,10.0,10.0,5,0.0,60,VIP,10
3,1998,5,4,Aniseed Syrup,Condiments,10.0,10.0,5,0.0,60,VIP,10
4,1996,9,20,Chef Anton's Cajun Seasoning,Condiments,17.6,22.0,5,0.19999999999999996,65,VIP,17
4,1996,10,52,Chef Anton's Cajun Seasoning,Condiments,17.6,22.0,5,0.19999999999999996,65,VIP,17
4,1996,11,35,Chef Anton's Cajun Seasoning,Condiments,17.6,22.0,5,0.19999999999999996,65,VIP,17
4,1997,3,16,Chef Anton's Cajun Seasoning,Condiments,17.6,22.0,5,0.19999999999999996,65,VIP,17
4,1997,4,50,Chef Anton's Cajun Seasoning,Condiments,22.0,22.0,5,0.0,65,VIP,17
4,1997,5,100,Chef Anton's Cajun Seasoning,Condiments,22.0,22.0,5,0.0,65,VIP,17
4,1997,7,20,Chef Anton's Cajun Seasoning,Condiments,22.0,22.0,5,0.0,65,VIP,17
4,1997,8,35,Chef Anton's Cajun Seasoning,Condiments,22.0,22.0,5,0.0,65,VIP,17
4,1997,9,12,Chef Anton's Cajun Seasoning,Condiments,22.0,22.0,5,0.0,65,VIP,17
4,1997,10,6,Chef Anton's Cajun Seasoning,Condiments,22.0,22.0,5,0.0,65,VIP,17
4,1997,11,25,Chef Anton's Cajun Seasoning,Condiments,22.0,22.0,5,0.0,65,VIP,17
4,1998,1,21,Chef Anton's Cajun Seasoning,Condiments,22.0,22.0,5,0.0,65,VIP,17
4,1998,2,30,Chef Anton's Cajun Seasoning,Condiments,22.0,22.0,5,0.0,65,VIP,17
4,1998,3,5,Chef Anton's Cajun Seasoning,Condiments,22.0,22.0,5,0.0,65,VIP,17
4,1998,4,25,Chef Anton's Cajun Seasoning,Condiments,22.0,22.0,5,0.0,65,VIP,17
4,1998,5,1,Chef Anton's Cajun Seasoning,Condiments,22.0,22.0,5,0.0,65,VIP,17
5,1996,7,77,Chef Anton's Gumbo Mix,Condiments,17.0,21.35,5,0.20374707259953162,32,VIP,9
5,1996,8,20,Chef Anton's Gumbo Mix,Condiments,17.0,21.35,5,0.20374707259953162,32,VIP,9
5,1996,12,32,Chef Anton's Gumbo Mix,Condiments,17.0,21.35,5,0.20374707259953162,32,VIP,9
5,1997,8,15,Chef Anton's Gumbo Mix,Condiments,21.35,21.35,5,0.0,32,VIP,9
5,1997,10,4,Chef Anton's Gumbo Mix,Condiments,21.35,21.35,5,0.0,32,VIP,9
5,1998,1,30,Chef Anton's Gumbo Mix,Condiments,21.35,21.35,5,0.0,32,VIP,9
5,1998,3,20,Chef Anton's Gumbo Mix,Condiments,21.35,21.35,5,0.0,32,VIP,9
5,1998,4,100,Chef Anton's Gumbo Mix,Condiments,21.35,21.35,5,0.0,32,VIP,9
6,1996,9,30,Grandma's Boysenberry Spread,Condiments,20.0,25.0,5,0.19999999999999996,64,VIP,11
6,1996,10,6,Grandma's Boysenberry Spread,Condiments,20.0,25.0,5,0.19999999999999996,64,VIP,11
6,1997,8,70,Grandma's Boysenberry Spread,Condiments,25.0,25.0,5,0.0,64,VIP,11
6,1997,11,30,Grandma's Boysenberry Spread,Condiments,25.0,25.0,5,0.0,64,VIP,11
6,1998,1,6,Grandma's Boysenberry Spread,Condiments,25.0,25.0,5,0.0,64,VIP,11
6,1998,2,50,Grandma's Boysenberry Spread,Condiments,25.0,25.0,5,0.0,64,VIP,11
6,1998,3,88,Grandma's Boysenberry Spread,Condiments,25.0,25.0,5,0.0,64,VIP,11
6,1998,5,21,Grandma's Boysenberry Spread,Condiments,25.0,25.0,5,0.0,64,VIP,11
7,1996,7,15,Uncle Bob's Organic Dried Pears,Produce,24.0,30.0,8,0.19999999999999996,61,Core Customer,20
7,1996,12,10,Uncle Bob's Organic Dried Pears,Produce,24.0,30.0,8,0.19999999999999996,61,Core Customer,20
7,1997,2,16,Uncle Bob's Organic Dried Pears,Produce,24.0,30.0,8,0.19999999999999996,61,Core Customer,20
7,1997,3,30,Uncle Bob's Organic Dried Pears,Produce,24.0,30.0,8,0.19999999999999996,61,Core Customer,20
7,1997,4,50,Uncle Bob's Organic Dried Pears,Produce,30.0,30.0,8,0.0,61,Core Customer,20
7,1997,5,10,Uncle Bob's Organic Dried Pears,Produce,30.0,30.0,8,0.0,61,Core Customer,20
7,1997,7,55,Uncle Bob's Organic Dried Pears,Produce,30.0,30.0,8,0.0,61,Core Customer,20
7,1997,8,35,Uncle Bob's Organic Dried Pears,Produce,30.0,30.0,8,0.0,61,Core Customer,20
7,1997,10,90,Uncle Bob's Organic Dried Pears,Produce,30.0,30.0,8,0.0,61,Core Customer,20
7,1997,12,38,Uncle Bob's Organic Dried Pears,Produce,30.0,30.0,8,0.0,61,Core Customer,20
7,1998,1,25,Uncle Bob's Organic Dried Pears,Produce,30.0,30.0,8,0.0,61,Core Customer,20
7,1998,2,32,Uncle Bob's Organic Dried Pears,Produce,30.0,30.0,8,0.0,61,Core Customer,20
7,1998,3,217,Uncle Bob's Organic Dried Pears,Produce,30.0,30.0,8,0.0,61,Core Customer,20
7,1998,4,124,Uncle Bob's Organic Dried Pears,Produce,30.0,30.0,8,0.0,61,Core Customer,20
7,1998,5,16,Uncle Bob's Organic Dried Pears,Produce,30.0,30.0,8,0.0,61,Core Customer,20
8,1996,11,140,Northwoods Cranberry Sauce,Condiments,32.0,40.0,5,0.19999999999999996,76,VIP,13
8,1997,4,34,Northwoods Cranberry Sauce,Condiments,40.0,40.0,5,0.0,76,VIP,13
8,1997,10,50,Northwoods Cranberry Sauce,Condiments,40.0,40.0,5,0.0,76,VIP,13
8,1997,12,30,Northwoods Cranberry Sauce,Condiments,40.0,40.0,5,0.0,76,VIP,13
8,1998,1,20,Northwoods Cranberry Sauce,Condiments,40.0,40.0,5,0.0,76,VIP,13
8,1998,2,30,Northwoods Cranberry Sauce,Condiments,40.0,40.0,5,0.0,76,VIP,13
8,1998,3,36,Northwoods Cranberry Sauce,Condiments,40.0,40.0,5,0.0,76,VIP,13
8,1998,4,30,Northwoods Cranberry Sauce,Condiments,40.0,40.0,5,0.0,76,VIP,13
8,1998,5,2,Northwoods Cranberry Sauce,Condiments,40.0,40.0,5,0.0,76,VIP,13
9,1997,1,20,Mishi Kobe Niku,Meat/Poultry,77.6,97.0,7,0.20000000000000007,70,VIP,5
9,1997,4,16,Mishi Kobe Niku,Meat/Poultry,97.0,97.0,7,0.0,70,VIP,5
9,1997,9,50,Mishi Kobe Niku,Meat/Poultry,97.0,97.0,7,0.0,70,VIP,5
9,1997,10,6,Mishi Kobe Niku,Meat/Poultry,97.0,97.0,7,0.0,70,VIP,5
9,1998,1,3,Mishi Kobe Niku,Meat/Poultry,97.0,97.0,7,0.0,70,VIP,5
10,1996,8,39,Ikura,Seafood,24.8,31.0,4,0.19999999999999996,59,VIP,26
10,1996,11,30,Ikura,Seafood,24.8,31.0,4,0.19999999999999996,59,VIP,26
10,1996,12,16,Ikura,Seafood,24.8,31.0,4,0.19999999999999996,59,VIP,26
10,1997,2,34,Ikura,Seafood,24.8,31.0,4,0.19999999999999996,59,VIP,26
10,1997,3,20,Ikura,Seafood,24.8,31.0,4,0.19999999999999996,59,VIP,26
10,1997,4,16,Ikura,Seafood,31.0,31.0,4,0.0,59,VIP,26
10,1997,5,2,Ikura,Seafood,31.0,31.0,4,0.0,59,VIP,26
10,1997,6,5,Ikura,Seafood,31.0,31.0,4,0.0,59,VIP,26
10,1997,7,80,Ikura,Seafood,31.0,31.0,4,0.0,59,VIP,26
10,1997,8,18,Ikura,Seafood,31.0,31.0,4,0.0,59,VIP,26
10,1997,9,46,Ikura,Seafood,31.0,31.0,4,0.0,59,VIP,26
10,1997,10,73,Ikura,Seafood,31.0,31.0,4,0.0,59,VIP,26
10,1997,12,52,Ikura,Seafood,31.0,31.0,4,0.0,59,VIP,26
10,1998,1,131,Ikura,Seafood,31.0,31.0,4,0.0,59,VIP,26
10,1998,2,80,Ikura,Seafood,31.0,31.0,4,0.0,59,VIP,26
10,1998,3,75,Ikura,Seafood,31.0,31.0,4,0.0,59,VIP,26
10,1998,4,24,Ikura,Seafood,31.0,31.0,4,0.0,59,VIP,26
10,1998,5,1,Ikura,Seafood,31.0,31.0,4,0.0,59,VIP,26
11,1996,7,12,Queso Cabrales,Dairy Products,14.0,21.0,2,0.33333333333333337,20,VIP,32
11,1996,9,12,Queso Cabrales,Dairy Products,16.8,21.0,2,0.19999999999999996,20,VIP,32
11,1996,10,50,Queso Cabrales,Dairy Products,16.8,21.0,2,0.19999999999999996,20,VIP,32
11,1996,11,36,Queso Cabrales,Dairy Products,16.8,21.0,2,0.19999999999999996,20,VIP,32
11,1997,1,30,Queso Cabrales,Dairy Products,16.8,21.0,2,0.19999999999999996,20,VIP,32
11,1997,2,42,Queso Cabrales,Dairy Products,16.8,21.0,2,0.19999999999999996,20,VIP,32
11,1997,3,30,Queso Cabrales,Dairy Products,16.8,21.0,2,0.19999999999999996,20,VIP,32
11,1997,5,93,Queso Cabrales,Dairy Products,21.0,21.0,2,0.0,20,VIP,32
11,1997,6,50,Queso Cabrales,Dairy Products,21.0,21.0,2,0.0,20,VIP,32
11,1997,7,14,Queso Cabrales,Dairy Products,21.0,21.0,2,0.0,20,VIP,32
11,1997,8,10,Queso Cabrales,Dairy Products,21.0,21.0,2,0.0,20,VIP,32
11,1997,10,15,Queso Cabrales,Dairy Products,21.0,21.0,2,0.0,20,VIP,32
11,1997,11,5,Queso Cabrales,Dairy Products,21.0,21.0,2,0.0,20,VIP,32
11,1997,12,85,Queso Cabrales,Dairy Products,21.0,21.0,2,0.0,20,VIP,32
11,1998,1,60,Queso Cabrales,Dairy Products,21.0,21.0,2,0.0,20,VIP,32
11,1998,2,90,Queso Cabrales,Dairy Products,21.0,21.0,2,0.0,20,VIP,32
11,1998,3,52,Queso Cabrales,Dairy Products,21.0,21.0,2,0.0,20,VIP,32
11,1998,4,10,Queso Cabrales,Dairy Products,21.0,21.0,2,0.0,20,VIP,32
11,1998,5,10,Queso Cabrales,Dairy Products,21.0,21.0,2,0.0,20,VIP,32
12,1996,7,12,Queso Manchego La Pastora,Dairy Products,30.4,38.0,2,0.20000000000000007,69,VIP,12
12,1997,2,15,Queso Manchego La Pastora,Dairy Products,30.4,38.0,2,0.20000000000000007,69,VIP,12
12,1997,5,45,Queso Manchego La Pastora,Dairy Products,38.0,38.0,2,0.0,69,VIP,12
12,1997,8,36,Queso Manchego La Pastora,Dairy Products,38.0,38.0,2,0.0,69,VIP,12
12,1997,9,100,Queso Manchego La Pastora,Dairy Products,38.0,38.0,2,0.0,69,VIP,12
12,1997,10,40,Queso Manchego La Pastora,Dairy Products,38.0,38.0,2,0.0,69,VIP,12
12,1998,3,50,Queso Manchego La Pastora,Dairy Products,38.0,38.0,2,0.0,69,VIP,12
12,1998,4,44,Queso Manchego La Pastora,Dairy Products,38.0,38.0,2,0.0,69,VIP,12
12,1998,5,2,Queso Manchego La Pastora,Dairy Products,38.0,38.0,2,0.0,69,VIP,12
13,1996,8,30,Konbu,Seafood,4.8,6.0,4,0.20000000000000007,54,VIP,30
13,1996,10,12,Konbu,Seafood,4.8,6.0,4,0.20000000000000007,54,VIP,30
13,1996,12,48,Konbu,Seafood,4.8,6.0,4,0.20000000000000007,54,VIP,30
13,1997,1,2,Konbu,Seafood,4.8,6.0,4,0.20000000000000007,54,VIP,30
13,1997,3,1,Konbu,Seafood,4.8,6.0,4,0.20000000000000007,54,VIP,30
13,1997,4,10,Konbu,Seafood,6.0,6.0,4,0.0,54,VIP,30
13,1997,5,18,Konbu,Seafood,6.0,6.0,4,0.0,54,VIP,30
13,1997,7,68,Konbu,Seafood,6.0,6.0,4,0.0,54,VIP,30
13,1997,8,13,Konbu,Seafood,6.0,6.0,4,0.0,54,VIP,30
13,1997,11,10,Konbu,Seafood,6.0,6.0,4,0.0,54,VIP,30
13,1997,12,20,Konbu,Seafood,6.0,6.0,4,0.0,54,VIP,30
13,1998,1,91,Konbu,Seafood,6.0,6.0,4,0.0,54,VIP,30
13,1998,2,73,Konbu,Seafood,6.0,6.0,4,0.0,54,VIP,30
13,1998,3,288,Konbu,Seafood,6.0,6.0,4,0.0,54,VIP,30
13,1998,4,193,Konbu,Seafood,6.0,6.0,4,0.0,54,VIP,30
13,1998,5,14,Konbu,Seafood,6.0,6.0,4,0.0,54,VIP,30
14,1996,7,9,Tofu,Produce,18.6,23.25,8,0.19999999999999996,13,VIP,18
14,1996,10,19,Tofu,Produce,18.6,23.25,8,0.19999999999999996,13,VIP,18
14,1996,12,57,Tofu,Produce,18.6,23.25,8,0.19999999999999996,13,VIP,18
14,1997,1,67,Tofu,Produce,18.6,23.25,8,0.19999999999999996,13,VIP,18
14,1997,3,12,Tofu,Produce,18.6,23.25,8,0.19999999999999996,13,VIP,18
14,1997,4,70,Tofu,Produce,23.25,23.25,8,0.0,13,VIP,18
14,1997,6,56,Tofu,Produce,23.25,23.25,8,0.0,13,VIP,18
14,1997,8,24,Tofu,Produce,23.25,23.25,8,0.0,13,VIP,18
14,1997,9,33,Tofu,Produce,23.25,23.25,8,0.0,13,VIP,18
14,1997,11,21,Tofu,Produce,23.25,23.25,8,0.0,13,VIP,18
14,1997,12,15,Tofu,Produce,23.25,23.25,8,0.0,13,VIP,18
14,1998,5,21,Tofu,Produce,23.25,23.25,8,0.0,13,VIP,18
15,1996,8,20,Genen Shouyu,Condiments,12.4,13.0,5,0.0461538461538461,77,VIP,6
15,1996,10,5,Genen Shouyu,Condiments,12.4,13.0,5,0.0461538461538461,77,VIP,6
15,1997,4,12,Genen Shouyu,Condiments,15.5,13.0,5,-0.1923076923076923,77,VIP,6
15,1997,6,10,Genen Shouyu,Condiments,15.5,13.0,5,-0.1923076923076923,77,VIP,6
15,1997,7,25,Genen Shouyu,Condiments,15.5,13.0,5,-0.1923076923076923,77,VIP,6
15,1997,9,50,Genen Shouyu,Condiments,15.5,13.0,5,-0.1923076923076923,77,VIP,6
16,1996,7,95,Pavlova,Confections,13.9,17.45,3,0.2034383954154727,18,VIP,31
16,1996,8,40,Pavlova,Confections,13.9,17.45,3,0.2034383954154727,18,VIP,31
16,1996,9,40,Pavlova,Confections,13.9,17.45,3,0.2034383954154727,18,VIP,31
16,1996,10,21,Pavlova,Confections,13.9,17.45,3,0.2034383954154727,18,VIP,31
16,1996,11,56,Pavlova,Confections,13.9,17.45,3,0.2034383954154727,18,VIP,31
16,1997,1,21,Pavlova,Confections,13.9,17.45,3,0.2034383954154727,18,VIP,31
16,1997,2,85,Pavlova,Confections,13.9,17.45,3,0.2034383954154727,18,VIP,31
16,1997,3,53,Pavlova,Confections,13.9,17.45,3,0.2034383954154727,18,VIP,31
16,1997,4,50,Pavlova,Confections,17.45,17.45,3,0.0,18,VIP,31
16,1997,5,84,Pavlova,Confections,17.45,17.45,3,0.0,18,VIP,31
16,1997,6,12,Pavlova,Confections,17.45,17.45,3,0.0,18,VIP,31
16,1997,7,30,Pavlova,Confections,17.45,17.45,3,0.0,18,VIP,31
16,1997,9,93,Pavlova,Confections,17.45,17.45,3,0.0,18,VIP,31
16,1997,10,40,Pavlova,Confections,17.45,17.45,3,0.0,18,VIP,31
16,1997,11,18,Pavlova,Confections,17.45,17.45,3,0.0,18,VIP,31
16,1997,12,85,Pavlova,Confections,17.45,17.45,3,0.0,18,VIP,31
16,1998,1,50,Pavlova,Confections,17.45,17.45,3,0.0,18,VIP,31
16,1998,2,63,Pavlova,Confections,17.45,17.45,3,0.0,18,VIP,31
16,1998,3,173,Pavlova,Confections,17.45,17.45,3,0.0,18,VIP,31
16,1998,5,49,Pavlova,Confections,17.45,17.45,3,0.0,18,VIP,31
17,1996,7,30,Alice Mutton,Meat/Poultry,31.2,39.0,7,0.20000000000000007,39,VIP,24
17,1996,8,30,Alice Mutton,Meat/Poultry,31.2,39.0,7,0.20000000000000007,39,VIP,24
17,1996,9,40,Alice Mutton,Meat/Poultry,31.2,39.0,7,0.20000000000000007,39,VIP,24
17,1996,10,98,Alice Mutton,Meat/Poultry,31.2,39.0,7,0.20000000000000007,39,VIP,24
17,1996,11,36,Alice Mutton,Meat/Poultry,31.2,39.0,7,0.20000000000000007,39,VIP,24
17,1997,1,97,Alice Mutton,Meat/Poultry,31.2,39.0,7,0.20000000000000007,39,VIP,24
17,1997,2,10,Alice Mutton,Meat/Poultry,31.2,39.0,7,0.20000000000000007,39,VIP,24
17,1997,5,73,Alice Mutton,Meat/Poultry,39.0,39.0,7,0.0,39,VIP,24
17,1997,6,34,Alice Mutton,Meat/Poultry,39.0,39.0,7,0.0,39,VIP,24
17,1997,7,100,Alice Mutton,Meat/Poultry,39.0,39.0,7,0.0,39,VIP,24
17,1997,9,30,Alice Mutton,Meat/Poultry,39.0,39.0,7,0.0,39,VIP,24
17,1997,10,55,Alice Mutton,Meat/Poultry,39.0,39.0,7,0.0,39,VIP,24
17,1997,11,20,Alice Mutton,Meat/Poultry,39.0,39.0,7,0.0,39,VIP,24
17,1997,12,108,Alice Mutton,Meat/Poultry,39.0,39.0,7,0.0,39,VIP,24
17,1998,1,48,Alice Mutton,Meat/Poultry,39.0,39.0,7,0.0,39,VIP,24
17,1998,2,53,Alice Mutton,Meat/Poultry,39.0,39.0,7,0.0,39,VIP,24
17,1998,3,27,Alice Mutton,Meat/Poultry,39.0,39.0,7,0.0,39,VIP,24
17,1998,4,12,Alice Mutton,Meat/Poultry,39.0,39.0,7,0.0,39,VIP,24
17,1998,5,77,Alice Mutton,Meat/Poultry,39.0,39.0,7,0.0,39,VIP,24
18,1996,8,12,Carnarvon Tigers,Seafood,50.0,62.5,4,0.19999999999999996,55,VIP,22
18,1996,9,25,Carnarvon Tigers,Seafood,50.0,62.5,4,0.19999999999999996,55,VIP,22
18,1996,10,60,Carnarvon Tigers,Seafood,50.0,62.5,4,0.19999999999999996,55,VIP,22
18,1996,12,9,Carnarvon Tigers,Seafood,50.0,62.5,4,0.19999999999999996,55,VIP,22
18,1997,3,30,Carnarvon Tigers,Seafood,50.0,62.5,4,0.19999999999999996,55,VIP,22
18,1997,4,25,Carnarvon Tigers,Seafood,62.5,62.5,4,0.0,55,VIP,22
18,1997,6,18,Carnarvon Tigers,Seafood,62.5,62.5,4,0.0,55,VIP,22
18,1997,7,40,Carnarvon Tigers,Seafood,62.5,62.5,4,0.0,55,VIP,22
18,1997,8,82,Carnarvon Tigers,Seafood,62.5,62.5,4,0.0,55,VIP,22
18,1997,10,12,Carnarvon Tigers,Seafood,62.5,62.5,4,0.0,55,VIP,22
18,1997,11,45,Carnarvon Tigers,Seafood,62.5,62.5,4,0.0,55,VIP,22
18,1997,12,30,Carnarvon Tigers,Seafood,62.5,62.5,4,0.0,55,VIP,22
18,1998,1,55,Carnarvon Tigers,Seafood,62.5,62.5,4,0.0,55,VIP,22
18,1998,2,25,Carnarvon Tigers,Seafood,62.5,62.5,4,0.0,55,VIP,22
18,1998,3,18,Carnarvon Tigers,Seafood,62.5,62.5,4,0.0,55,VIP,22
18,1998,4,53,Carnarvon Tigers,Seafood,62.5,62.5,4,0.0,55,VIP,22
19,1996,8,19,Teatime Chocolate Biscuits,Confections,7.3,9.2,3,0.2065217391304347,22,Core Customer,28
19,1996,9,15,Teatime Chocolate Biscuits,Confections,7.3,9.2,3,0.2065217391304347,22,Core Customer,28
19,1996,10,10,Teatime Chocolate Biscuits,Confections,7.3,9.2,3,0.2065217391304347,22,Core Customer,28
19,1996,11,80,Teatime Chocolate Biscuits,Confections,7.3,9.2,3,0.2065217391304347,22,Core Customer,28
19,1997,1,42,Teatime Chocolate Biscuits,Confections,7.3,9.2,3,0.2065217391304347,22,Core Customer,28
19,1997,2,67,Teatime Chocolate Biscuits,Confections,7.3,9.2,3,0.2065217391304347,22,Core Customer,28
19,1997,3,26,Teatime Chocolate Biscuits,Confections,7.3,9.2,3,0.2065217391304347,22,Core Customer,28
19,1997,5,10,Teatime Chocolate Biscuits,Confections,9.2,9.2,3,0.0,22,Core Customer,28
19,1997,6,35,Teatime Chocolate Biscuits,Confections,9.2,9.2,3,0.0,22,Core Customer,28
19,1997,8,50,Teatime Chocolate Biscuits,Confections,9.2,9.2,3,0.0,22,Core Customer,28
19,1997,9,49,Teatime Chocolate Biscuits,Confections,9.2,9.2,3,0.0,22,Core Customer,28
19,1997,10,24,Teatime Chocolate Biscuits,Confections,9.2,9.2,3,0.0,22,Core Customer,28
19,1997,12,74,Teatime Chocolate Biscuits,Confections,9.2,9.2,3,0.0,22,Core Customer,28
19,1998,1,29,Teatime Chocolate Biscuits,Confections,9.2,9.2,3,0.0,22,Core Customer,28
19,1998,2,37,Teatime Chocolate Biscuits,Confections,9.2,9.2,3,0.0,22,Core Customer,28
19,1998,3,19,Teatime Chocolate Biscuits,Confections,9.2,9.2,3,0.0,22,Core Customer,28
19,1998,4,85,Teatime Chocolate Biscuits,Confections,9.2,9.2,3,0.0,22,Core Customer,28
19,1998,5,52,Teatime Chocolate Biscuits,Confections,9.2,9.2,3,0.0,22,Core Customer,28
20,1996,7,40,Sir Rodney's Marmalade,Confections,64.8,81.0,3,0.20000000000000007,63,VIP,14
20,1996,8,26,Sir Rodney's Marmalade,Confections,64.8,81.0,3,0.20000000000000007,63,VIP,14
20,1996,12,40,Sir Rodney's Marmalade,Confections,64.8,81.0,3,0.20000000000000007,63,VIP,14
20,1997,4,39,Sir Rodney's Marmalade,Confections,81.0,81.0,3,0.0,63,VIP,14
20,1997,5,15,Sir Rodney's Marmalade,Confections,81.0,81.0,3,0.0,63,VIP,14
20,1997,7,21,Sir Rodney's Marmalade,Confections,81.0,81.0,3,0.0,63,VIP,14
20,1997,9,21,Sir Rodney's Marmalade,Confections,81.0,81.0,3,0.0,63,VIP,14
20,1998,1,5,Sir Rodney's Marmalade,Confections,81.0,81.0,3,0.0,63,VIP,14
20,1998,2,20,Sir Rodney's Marmalade,Confections,81.0,81.0,3,0.0,63,VIP,14
20,1998,3,70,Sir Rodney's Marmalade,Confections,81.0,81.0,3,0.0,63,VIP,14
20,1998,4,15,Sir Rodney's Marmalade,Confections,81.0,81.0,3,0.0,63,VIP,14
20,1998,5,1,Sir Rodney's Marmalade,Confections,81.0,81.0,3,0.0,63,VIP,14
21,1996,7,30,Sir Rodney's Scones,Confections,8.0,10.0,3,0.19999999999999996,41,VIP,29
21,1996,10,10,Sir Rodney's Scones,Confections,8.0,10.0,3,0.19999999999999996,41,VIP,29
21,1996,11,5,Sir Rodney's Scones,Confections,8.0,10.0,3,0.19999999999999996,41,VIP,29
21,1996,12,10,Sir Rodney's Scones,Confections,8.0,10.0,3,0.19999999999999996,41,VIP,29
21,1997,1,92,Sir Rodney's Scones,Confections,8.0,10.0,3,0.19999999999999996,41,VIP,29
21,1997,2,80,Sir Rodney's Scones,Confections,8.0,10.0,3,0.19999999999999996,41,VIP,29
21,1997,3,35,Sir Rodney's Scones,Confections,8.0,10.0,3,0.19999999999999996,41,VIP,29
21,1997,4,52,Sir Rodney's Scones,Confections,10.0,10.0,3,0.0,41,VIP,29
21,1997,5,21,Sir Rodney's Scones,Confections,10.0,10.0,3,0.0,41,VIP,29
21,1997,7,14,Sir Rodney's Scones,Confections,10.0,10.0,3,0.0,41,VIP,29
21,1997,8,97,Sir Rodney's Scones,Confections,10.0,10.0,3,0.0,41,VIP,29
21,1997,9,72,Sir Rodney's Scones,Confections,10.0,10.0,3,0.0,41,VIP,29
21,1997,10,37,Sir Rodney's Scones,Confections,10.0,10.0,3,0.0,41,VIP,29
21,1997,11,70,Sir Rodney's Scones,Confections,10.0,10.0,3,0.0,41,VIP,29
21,1997,12,40,Sir Rodney's Scones,Confections,10.0,10.0,3,0.0,41,VIP,29
21,1998,1,40,Sir Rodney's Scones,Confections,10.0,10.0,3,0.0,41,VIP,29
21,1998,2,60,Sir Rodney's Scones,Confections,10.0,10.0,3,0.0,41,VIP,29
21,1998,3,148,Sir Rodney's Scones,Confections,10.0,10.0,3,0.0,41,VIP,29
21,1998,4,103,Sir Rodney's Scones,Confections,10.0,10.0,3,0.0,41,VIP,29
22,1996,7,6,Gustaf's Knäckebröd,Grains/Cereals,16.8,21.0,6,0.19999999999999996,71,Core Customer,14
22,1997,2,12,Gustaf's Knäckebröd,Grains/Cereals,16.8,21.0,6,0.19999999999999996,71,Core Customer,14
22,1997,5,24,Gustaf's Knäckebröd,Grains/Cereals,21.0,21.0,6,0.0,71,Core Customer,14
22,1997,7,48,Gustaf's Knäckebröd,Grains/Cereals,21.0,21.0,6,0.0,71,Core Customer,14
22,1997,8,95,Gustaf's Knäckebröd,Grains/Cereals,21.0,21.0,6,0.0,71,Core Customer,14
22,1997,9,20,Gustaf's Knäckebröd,Grains/Cereals,21.0,21.0,6,0.0,71,Core Customer,14
22,1997,12,10,Gustaf's Knäckebröd,Grains/Cereals,21.0,21.0,6,0.0,71,Core Customer,14
22,1998,1,87,Gustaf's Knäckebröd,Grains/Cereals,21.0,21.0,6,0.0,71,Core Customer,14
22,1998,3,21,Gustaf's Knäckebröd,Grains/Cereals,21.0,21.0,6,0.0,71,Core Customer,14
22,1998,4,25,Gustaf's Knäckebröd,Grains/Cereals,21.0,21.0,6,0.0,71,Core Customer,14
23,1996,10,40,Tunnbröd,Grains/Cereals,7.2,9.0,6,0.19999999999999996,26,VIP,17
23,1996,11,25,Tunnbröd,Grains/Cereals,7.2,9.0,6,0.19999999999999996,26,VIP,17
23,1996,12,40,Tunnbröd,Grains/Cereals,7.2,9.0,6,0.19999999999999996,26,VIP,17
23,1997,1,60,Tunnbröd,Grains/Cereals,7.2,9.0,6,0.19999999999999996,26,VIP,17
23,1997,3,36,Tunnbröd,Grains/Cereals,7.2,9.0,6,0.19999999999999996,26,VIP,17
23,1997,4,10,Tunnbröd,Grains/Cereals,7.2,9.0,6,0.19999999999999996,26,VIP,17
23,1997,5,90,Tunnbröd,Grains/Cereals,9.0,9.0,6,0.0,26,VIP,17
23,1997,8,10,Tunnbröd,Grains/Cereals,9.0,9.0,6,0.0,26,VIP,17
23,1997,9,37,Tunnbröd,Grains/Cereals,9.0,9.0,6,0.0,26,VIP,17
23,1997,11,44,Tunnbröd,Grains/Cereals,9.0,9.0,6,0.0,26,VIP,17
23,1998,1,88,Tunnbröd,Grains/Cereals,9.0,9.0,6,0.0,26,VIP,17
23,1998,2,80,Tunnbröd,Grains/Cereals,9.0,9.0,6,0.0,26,VIP,17
23,1998,3,8,Tunnbröd,Grains/Cereals,9.0,9.0,6,0.0,26,VIP,17
23,1998,4,10,Tunnbröd,Grains/Cereals,9.0,9.0,6,0.0,26,VIP,17
23,1998,5,2,Tunnbröd,Grains/Cereals,9.0,9.0,6,0.0,26,VIP,17
24,1996,7,43,Guaraná Fantástica,Beverages,3.6,4.5,1,0.19999999999999996,52,VIP,34
24,1996,8,40,Guaraná Fantástica,Beverages,3.6,4.5,1,0.19999999999999996,52,VIP,34
24,1996,11,45,Guaraná Fantástica,Beverages,3.6,4.5,1,0.19999999999999996,52,VIP,34
24,1996,12,30,Guaraná Fantástica,Beverages,3.6,4.5,1,0.19999999999999996,52,VIP,34
24,1997,2,20,Guaraná Fantástica,Beverages,3.6,4.5,1,0.19999999999999996,52,VIP,34
24,1997,3,133,Guaraná Fantástica,Beverages,3.6,4.5,1,0.19999999999999996,52,VIP,34
24,1997,4,37,Guaraná Fantástica,Beverages,4.5,4.5,1,0.0,52,VIP,34
24,1997,5,35,Guaraná Fantástica,Beverages,4.5,4.5,1,0.0,52,VIP,34
24,1997,6,43,Guaraná Fantástica,Beverages,4.5,4.5,1,0.0,52,VIP,34
24,1997,7,35,Guaraná Fantástica,Beverages,4.5,4.5,1,0.0,52,VIP,34
24,1997,8,23,Guaraná Fantástica,Beverages,4.5,4.5,1,0.0,52,VIP,34
24,1997,10,55,Guaraná Fantástica,Beverages,4.5,4.5,1,0.0,52,VIP,34
24,1997,12,40,Guaraná Fantástica,Beverages,4.5,4.5,1,0.0,52,VIP,34
24,1998,1,40,Guaraná Fantástica,Beverages,4.5,4.5,1,0.0,52,VIP,34
24,1998,2,146,Guaraná Fantástica,Beverages,4.5,4.5,1,0.0,52,VIP,34
24,1998,3,200,Guaraná Fantástica,Beverages,4.5,4.5,1,0.0,52,VIP,34
24,1998,4,140,Guaraná Fantástica,Beverages,4.5,4.5,1,0.0,52,VIP,34
24,1998,5,20,Guaraná Fantástica,Beverages,4.5,4.5,1,0.0,52,VIP,34
25,1996,10,4,NuNuCa Nuß-Nougat-Creme,Confections,11.2,14.0,3,0.20000000000000007,6,Core Customer,16
25,1996,11,60,NuNuCa Nuß-Nougat-Creme,Confections,11.2,14.0,3,0.20000000000000007,6,Core Customer,16
25,1996,12,7,NuNuCa Nuß-Nougat-Creme,Confections,11.2,14.0,3,0.20000000000000007,6,Core Customer,16
25,1997,3,12,NuNuCa Nuß-Nougat-Creme,Confections,11.2,14.0,3,0.20000000000000007,6,Core Customer,16
25,1997,4,78,NuNuCa Nuß-Nougat-Creme,Confections,12.6,14.0,3,0.09999999999999998,6,Core Customer,16
25,1997,12,62,NuNuCa Nuß-Nougat-Creme,Confections,14.0,14.0,3,0.0,6,Core Customer,16
25,1998,1,51,NuNuCa Nuß-Nougat-Creme,Confections,14.0,14.0,3,0.0,6,Core Customer,16
25,1998,2,5,NuNuCa Nuß-Nougat-Creme,Confections,14.0,14.0,3,0.0,6,Core Customer,16
25,1998,3,24,NuNuCa Nuß-Nougat-Creme,Confections,14.0,14.0,3,0.0,6,Core Customer,16
25,1998,4,15,NuNuCa Nuß-Nougat-Creme,Confections,14.0,14.0,3,0.0,6,Core Customer,16
26,1996,10,74,Gumbär Gummibärchen,Confections,24.9,31.23,3,0.20268972142170993,43,VIP,24
26,1996,11,16,Gumbär Gummibärchen,Confections,24.9,31.23,3,0.20268972142170993,43,VIP,24
26,1996,12,70,Gumbär Gummibärchen,Confections,24.9,31.23,3,0.20268972142170993,43,VIP,24
26,1997,1,72,Gumbär Gummibärchen,Confections,24.9,31.23,3,0.20268972142170993,43,VIP,24
26,1997,2,51,Gumbär Gummibärchen,Confections,24.899999999999995,31.23,3,0.20268972142171005,43,VIP,24
26,1997,3,30,Gumbär Gummibärchen,Confections,24.9,31.23,3,0.20268972142170993,43,VIP,24
26,1997,5,40,Gumbär Gummibärchen,Confections,31.23,31.23,3,0.0,43,VIP,24
26,1997,7,11,Gumbär Gummibärchen,Confections,31.23,31.23,3,0.0,43,VIP,24
26,1997,8,35,Gumbär Gummibärchen,Confections,31.23,31.23,3,0.0,43,VIP,24
26,1997,9,45,Gumbär Gummibärchen,Confections,31.23,31.23,3,0.0,43,VIP,24
26,1997,10,45,Gumbär Gummibärchen,Confections,31.23,31.23,3,0.0,43,VIP,24
26,1997,11,32,Gumbär Gummibärchen,Confections,31.23,31.23,3,0.0,43,VIP,24
26,1997,12,21,Gumbär Gummibärchen,Confections,31.23,31.23,3,0.0,43,VIP,24
26,1998,1,105,Gumbär Gummibärchen,Confections,31.23,31.23,3,0.0,43,VIP,24
26,1998,2,20,Gumbär Gummibärchen,Confections,31.23,31.23,3,0.0,43,VIP,24
26,1998,3,5,Gumbär Gummibärchen,Confections,31.23,31.23,3,0.0,43,VIP,24
26,1998,4,81,Gumbär Gummibärchen,Confections,31.23,31.23,3,0.0,43,VIP,24
27,1996,7,25,Schoggi Schokolade,Confections,35.1,43.9,3,0.20045558086560356,35,VIP,9
27,1996,8,15,Schoggi Schokolade,Confections,35.1,43.9,3,0.20045558086560356,35,VIP,9
27,1997,2,50,Schoggi Schokolade,Confections,35.1,43.9,3,0.20045558086560356,35,VIP,9
27,1997,4,120,Schoggi Schokolade,Confections,43.9,43.9,3,0.0,35,VIP,9
27,1997,7,50,Schoggi Schokolade,Confections,43.9,43.9,3,0.0,35,VIP,9
27,1997,12,40,Schoggi Schokolade,Confections,43.9,43.9,3,0.0,35,VIP,9
27,1998,1,10,Schoggi Schokolade,Confections,43.9,43.9,3,0.0,35,VIP,9
27,1998,3,55,Schoggi Schokolade,Confections,43.9,43.9,3,0.0,35,VIP,9
28,1996,8,20,Rössle Sauerkraut,Produce,36.4,45.6,8,0.20175438596491235,8,Core Customer,26
28,1996,9,32,Rössle Sauerkraut,Produce,36.4,45.6,8,0.20175438596491235,8,Core Customer,26
28,1996,10,14,Rössle Sauerkraut,Produce,36.4,45.6,8,0.20175438596491235,8,Core Customer,26
28,1996,11,43,Rössle Sauerkraut,Produce,36.4,45.6,8,0.20175438596491235,8,Core Customer,26
28,1996,12,26,Rössle Sauerkraut,Produce,36.4,45.6,8,0.20175438596491235,8,Core Customer,26
28,1997,1,42,Rössle Sauerkraut,Produce,36.4,45.6,8,0.20175438596491235,8,Core Customer,26
28,1997,2,57,Rössle Sauerkraut,Produce,36.4,45.6,8,0.20175438596491235,8,Core Customer,26
28,1997,3,18,Rössle Sauerkraut,Produce,36.4,45.6,8,0.20175438596491235,8,Core Customer,26
28,1997,4,66,Rössle Sauerkraut,Produce,45.6,45.6,8,0.0,8,Core Customer,26
28,1997,5,7,Rössle Sauerkraut,Produce,45.6,45.6,8,0.0,8,Core Customer,26
28,1997,8,45,Rössle Sauerkraut,Produce,45.6,45.6,8,0.0,8,Core Customer,26
28,1997,10,60,Rössle Sauerkraut,Produce,45.6,45.6,8,0.0,8,Core Customer,26
28,1997,11,25,Rössle Sauerkraut,Produce,45.6,45.6,8,0.0,8,Core Customer,26
28,1997,12,24,Rössle Sauerkraut,Produce,45.6,45.6,8,0.0,8,Core Customer,26
28,1998,2,3,Rössle Sauerkraut,Produce,45.6,45.6,8,0.0,8,Core Customer,26
28,1998,3,60,Rössle Sauerkraut,Produce,45.6,45.6,8,0.0,8,Core Customer,26
28,1998,4,90,Rössle Sauerkraut,Produce,45.6,45.6,8,0.0,8,Core Customer,26
28,1998,5,8,Rössle Sauerkraut,Produce,45.6,45.6,8,0.0,8,Core Customer,26
29,1996,7,10,Thüringer Rostbratwurst,Meat/Poultry,99.0,123.79,7,0.20025850230228615,9,VIP,27
29,1996,8,15,Thüringer Rostbratwurst,Meat/Poultry,99.0,123.79,7,0.20025850230228615,9,VIP,27
29,1996,9,25,Thüringer Rostbratwurst,Meat/Poultry,99.0,123.79,7,0.20025850230228615,9,VIP,27
29,1996,11,39,Thüringer Rostbratwurst,Meat/Poultry,99.0,123.79,7,0.20025850230228615,9,VIP,27
29,1996,12,34,Thüringer Rostbratwurst,Meat/Poultry,99.0,123.79,7,0.20025850230228615,9,VIP,27
29,1997,1,21,Thüringer Rostbratwurst,Meat/Poultry,99.0,123.79,7,0.20025850230228615,9,VIP,27
29,1997,2,24,Thüringer Rostbratwurst,Meat/Poultry,99.0,123.79,7,0.20025850230228615,9,VIP,27
29,1997,3,18,Thüringer Rostbratwurst,Meat/Poultry,99.0,123.79,7,0.20025850230228615,9,VIP,27
29,1997,4,36,Thüringer Rostbratwurst,Meat/Poultry,123.79,123.79,7,0.0,9,VIP,27
29,1997,6,10,Thüringer Rostbratwurst,Meat/Poultry,123.79,123.79,7,0.0,9,VIP,27
29,1997,8,26,Thüringer Rostbratwurst,Meat/Poultry,123.79,123.79,7,0.0,9,VIP,27
29,1997,9,46,Thüringer Rostbratwurst,Meat/Poultry,123.79,123.79,7,0.0,9,VIP,27
29,1997,10,52,Thüringer Rostbratwurst,Meat/Poultry,123.79,123.79,7,0.0,9,VIP,27
29,1997,12,72,Thüringer Rostbratwurst,Meat/Poultry,123.79,123.79,7,0.0,9,VIP,27
29,1998,1,18,Thüringer Rostbratwurst,Meat/Poultry,123.79,123.79,7,0.0,9,VIP,27
29,1998,2,164,Thüringer Rostbratwurst,Meat/Poultry,123.79,123.79,7,0.0,9,VIP,27
29,1998,3,14,Thüringer Rostbratwurst,Meat/Poultry,123.79,123.79,7,0.0,9,VIP,27
29,1998,4,122,Thüringer Rostbratwurst,Meat/Poultry,123.79,123.79,7,0.0,9,VIP,27
30,1996,7,60,Nord-Ost Matjeshering,Seafood,20.7,25.89,4,0.2004634994206258,33,VIP,22
30,1996,8,6,Nord-Ost Matjeshering,Seafood,20.7,25.89,4,0.2004634994206258,33,VIP,22
30,1996,9,10,Nord-Ost Matjeshering,Seafood,20.7,25.89,4,0.2004634994206258,33,VIP,22
30,1996,10,58,Nord-Ost Matjeshering,Seafood,20.7,25.89,4,0.2004634994206258,33,VIP,22
30,1996,12,18,Nord-Ost Matjeshering,Seafood,20.7,25.89,4,0.2004634994206258,33,VIP,22
30,1997,1,18,Nord-Ost Matjeshering,Seafood,20.7,25.89,4,0.2004634994206258,33,VIP,22
30,1997,2,28,Nord-Ost Matjeshering,Seafood,20.7,25.89,4,0.2004634994206258,33,VIP,22
30,1997,3,8,Nord-Ost Matjeshering,Seafood,20.7,25.89,4,0.2004634994206258,33,VIP,22
30,1997,4,20,Nord-Ost Matjeshering,Seafood,25.89,25.89,4,0.0,33,VIP,22
30,1997,5,35,Nord-Ost Matjeshering,Seafood,25.89,25.89,4,0.0,33,VIP,22
30,1997,6,20,Nord-Ost Matjeshering,Seafood,25.89,25.89,4,0.0,33,VIP,22
30,1997,8,30,Nord-Ost Matjeshering,Seafood,25.89,25.89,4,0.0,33,VIP,22
30,1997,9,2,Nord-Ost Matjeshering,Seafood,25.89,25.89,4,0.0,33,VIP,22
30,1997,10,3,Nord-Ost Matjeshering,Seafood,25.89,25.89,4,0.0,33,VIP,22
30,1997,11,60,Nord-Ost Matjeshering,Seafood,25.89,25.89,4,0.0,33,VIP,22
30,1997,12,40,Nord-Ost Matjeshering,Seafood,25.89,25.89,4,0.0,33,VIP,22
30,1998,1,20,Nord-Ost Matjeshering,Seafood,25.89,25.89,4,0.0,33,VIP,22
30,1998,2,126,Nord-Ost Matjeshering,Seafood,25.89,25.89,4,0.0,33,VIP,22
30,1998,3,31,Nord-Ost Matjeshering,Seafood,25.89,25.89,4,0.0,33,VIP,22
30,1998,4,15,Nord-Ost Matjeshering,Seafood,25.89,25.89,4,0.0,33,VIP,22
30,1998,5,4,Nord-Ost Matjeshering,Seafood,25.89,25.89,4,0.0,33,VIP,22
31,1996,7,20,Gorgonzola Telino,Dairy Products,10.0,12.5,2,0.19999999999999996,7,VIP,34
31,1996,8,55,Gorgonzola Telino,Dairy Products,10.0,12.5,2,0.19999999999999996,7,VIP,34
31,1996,10,85,Gorgonzola Telino,Dairy Products,10.0,12.5,2,0.19999999999999996,7,VIP,34
31,1996,11,120,Gorgonzola Telino,Dairy Products,10.0,12.5,2,0.19999999999999996,7,VIP,34
31,1996,12,164,Gorgonzola Telino,Dairy Products,10.0,12.5,2,0.19999999999999996,7,VIP,34
31,1997,1,14,Gorgonzola Telino,Dairy Products,10.0,12.5,2,0.19999999999999996,7,VIP,34
31,1997,2,3,Gorgonzola Telino,Dairy Products,10.0,12.5,2,0.19999999999999996,7,VIP,34
31,1997,3,35,Gorgonzola Telino,Dairy Products,10.0,12.5,2,0.19999999999999996,7,VIP,34
31,1997,4,20,Gorgonzola Telino,Dairy Products,10.0,12.5,2,0.19999999999999996,7,VIP,34
31,1997,5,135,Gorgonzola Telino,Dairy Products,12.5,12.5,2,0.0,7,VIP,34
31,1997,6,171,Gorgonzola Telino,Dairy Products,12.5,12.5,2,0.0,7,VIP,34
31,1997,9,48,Gorgonzola Telino,Dairy Products,12.5,12.5,2,0.0,7,VIP,34
31,1997,10,70,Gorgonzola Telino,Dairy Products,12.5,12.5,2,0.0,7,VIP,34
31,1997,11,11,Gorgonzola Telino,Dairy Products,12.5,12.5,2,0.0,7,VIP,34
31,1997,12,149,Gorgonzola Telino,Dairy Products,12.5,12.5,2,0.0,7,VIP,34
31,1998,1,74,Gorgonzola Telino,Dairy Products,12.5,12.5,2,0.0,7,VIP,34
31,1998,2,35,Gorgonzola Telino,Dairy Products,12.5,12.5,2,0.0,7,VIP,34
31,1998,3,153,Gorgonzola Telino,Dairy Products,12.5,12.5,2,0.0,7,VIP,34
31,1998,4,15,Gorgonzola Telino,Dairy Products,12.5,12.5,2,0.0,7,VIP,34
31,1998,5,20,Gorgonzola Telino,Dairy Products,12.5,12.5,2,0.0,7,VIP,34
32,1996,7,6,Mascarpone Fabioli,Dairy Products,25.6,32.0,2,0.19999999999999996,68,VIP,12
32,1996,9,40,Mascarpone Fabioli,Dairy Products,25.6,32.0,2,0.19999999999999996,68,VIP,12
32,1996,10,6,Mascarpone Fabioli,Dairy Products,25.6,32.0,2,0.19999999999999996,68,VIP,12
32,1997,4,50,Mascarpone Fabioli,Dairy Products,32.0,32.0,2,0.0,68,VIP,12
32,1997,5,24,Mascarpone Fabioli,Dairy Products,32.0,32.0,2,0.0,68,VIP,12
32,1997,6,10,Mascarpone Fabioli,Dairy Products,32.0,32.0,2,0.0,68,VIP,12
32,1997,10,4,Mascarpone Fabioli,Dairy Products,32.0,32.0,2,0.0,68,VIP,12
32,1997,11,10,Mascarpone Fabioli,Dairy Products,32.0,32.0,2,0.0,68,VIP,12
32,1998,1,20,Mascarpone Fabioli,Dairy Products,32.0,32.0,2,0.0,68,VIP,12
32,1998,2,6,Mascarpone Fabioli,Dairy Products,32.0,32.0,2,0.0,68,VIP,12
32,1998,3,35,Mascarpone Fabioli,Dairy Products,32.0,32.0,2,0.0,68,VIP,12
32,1998,4,85,Mascarpone Fabioli,Dairy Products,32.0,32.0,2,0.0,68,VIP,12
32,1998,5,1,Mascarpone Fabioli,Dairy Products,32.0,32.0,2,0.0,68,VIP,12
33,1996,7,85,Geitost,Dairy Products,2.0,2.5,2,0.19999999999999996,16,Core Customer,26
33,1996,8,44,Geitost,Dairy Products,2.0,2.5,2,0.19999999999999996,16,Core Customer,26
33,1996,10,8,Geitost,Dairy Products,2.0,2.5,2,0.19999999999999996,16,Core Customer,26
33,1996,12,60,Geitost,Dairy Products,2.0,2.5,2,0.19999999999999996,16,Core Customer,26
33,1997,1,119,Geitost,Dairy Products,2.0,2.5,2,0.19999999999999996,16,Core Customer,26
33,1997,2,20,Geitost,Dairy Products,2.0,2.5,2,0.19999999999999996,16,Core Customer,26
33,1997,3,12,Geitost,Dairy Products,2.0,2.5,2,0.19999999999999996,16,Core Customer,26
33,1997,4,16,Geitost,Dairy Products,2.5,2.5,2,0.0,16,Core Customer,26
33,1997,5,53,Geitost,Dairy Products,2.5,2.5,2,0.0,16,Core Customer,26
33,1997,6,34,Geitost,Dairy Products,2.5,2.5,2,0.0,16,Core Customer,26
33,1997,7,14,Geitost,Dairy Products,2.5,2.5,2,0.0,16,Core Customer,26
33,1997,8,20,Geitost,Dairy Products,2.5,2.5,2,0.0,16,Core Customer,26
33,1997,9,68,Geitost,Dairy Products,2.5,2.5,2,0.0,16,Core Customer,26
33,1998,1,55,Geitost,Dairy Products,2.5,2.5,2,0.0,16,Core Customer,26
33,1998,2,70,Geitost,Dairy Products,2.5,2.5,2,0.0,16,Core Customer,26
33,1998,3,22,Geitost,Dairy Products,2.5,2.5,2,0.0,16,Core Customer,26
33,1998,4,55,Geitost,Dairy Products,2.5,2.5,2,0.0,16,Core Customer,26
34,1996,8,20,Sasquatch Ale,Beverages,11.2,14.0,1,0.20000000000000007,23,Core Customer,14
34,1996,9,14,Sasquatch Ale,Beverages,11.2,14.0,1,0.20000000000000007,23,Core Customer,14
34,1996,11,46,Sasquatch Ale,Beverages,11.2,14.0,1,0.20000000000000007,23,Core Customer,14
34,1996,12,10,Sasquatch Ale,Beverages,11.2,14.0,1,0.20000000000000007,23,Core Customer,14
34,1997,2,20,Sasquatch Ale,Beverages,11.2,14.0,1,0.20000000000000007,23,Core Customer,14
34,1997,3,35,Sasquatch Ale,Beverages,11.2,14.0,1,0.20000000000000007,23,Core Customer,14
34,1997,5,10,Sasquatch Ale,Beverages,14.0,14.0,1,0.0,23,Core Customer,14
34,1997,6,40,Sasquatch Ale,Beverages,14.0,14.0,1,0.0,23,Core Customer,14
34,1997,10,26,Sasquatch Ale,Beverages,14.0,14.0,1,0.0,23,Core Customer,14
34,1997,11,30,Sasquatch Ale,Beverages,14.0,14.0,1,0.0,23,Core Customer,14
34,1997,12,10,Sasquatch Ale,Beverages,14.0,14.0,1,0.0,23,Core Customer,14
34,1998,2,10,Sasquatch Ale,Beverages,14.0,14.0,1,0.0,23,Core Customer,14
34,1998,3,20,Sasquatch Ale,Beverages,14.0,14.0,1,0.0,23,Core Customer,14
34,1998,4,180,Sasquatch Ale,Beverages,14.0,14.0,1,0.0,23,Core Customer,14
34,1998,5,35,Sasquatch Ale,Beverages,14.0,14.0,1,0.0,23,Core Customer,14
35,1996,7,20,Steeleye Stout,Beverages,14.4,18.0,1,0.19999999999999996,50,Core Customer,28
35,1996,8,104,Steeleye Stout,Beverages,14.4,18.0,1,0.19999999999999996,50,Core Customer,28
35,1996,10,80,Steeleye Stout,Beverages,14.4,18.0,1,0.19999999999999996,50,Core Customer,28
35,1996,12,70,Steeleye Stout,Beverages,14.4,18.0,1,0.19999999999999996,50,Core Customer,28
35,1997,1,95,Steeleye Stout,Beverages,14.4,18.0,1,0.19999999999999996,50,Core Customer,28
35,1997,2,8,Steeleye Stout,Beverages,14.4,18.0,1,0.19999999999999996,50,Core Customer,28
35,1997,4,3,Steeleye Stout,Beverages,18.0,18.0,1,0.0,50,Core Customer,28
35,1997,5,56,Steeleye Stout,Beverages,18.0,18.0,1,0.0,50,Core Customer,28
35,1997,6,20,Steeleye Stout,Beverages,18.0,18.0,1,0.0,50,Core Customer,28
35,1997,7,54,Steeleye Stout,Beverages,18.0,18.0,1,0.0,50,Core Customer,28
35,1997,8,30,Steeleye Stout,Beverages,18.0,18.0,1,0.0,50,Core Customer,28
35,1997,10,30,Steeleye Stout,Beverages,18.0,18.0,1,0.0,50,Core Customer,28
35,1997,11,35,Steeleye Stout,Beverages,18.0,18.0,1,0.0,50,Core Customer,28
35,1997,12,15,Steeleye Stout,Beverages,18.0,18.0,1,0.0,50,Core Customer,28
35,1998,1,59,Steeleye Stout,Beverages,18.0,18.0,1,0.0,50,Core Customer,28
35,1998,2,37,Steeleye Stout,Beverages,18.0,18.0,1,0.0,50,Core Customer,28
35,1998,3,50,Steeleye Stout,Beverages,18.0,18.0,1,0.0,50,Core Customer,28
35,1998,4,117,Steeleye Stout,Beverages,18.0,18.0,1,0.0,50,Core Customer,28
36,1996,7,25,Inlagd Sill,Seafood,15.2,19.0,4,0.20000000000000007,38,VIP,23
36,1996,8,30,Inlagd Sill,Seafood,15.2,19.0,4,0.20000000000000007,38,VIP,23
36,1996,9,52,Inlagd Sill,Seafood,15.2,19.0,4,0.20000000000000007,38,VIP,23
36,1996,10,60,Inlagd Sill,Seafood,15.2,19.0,4,0.20000000000000007,38,VIP,23
36,1996,11,20,Inlagd Sill,Seafood,15.2,19.0,4,0.20000000000000007,38,VIP,23
36,1996,12,6,Inlagd Sill,Seafood,15.2,19.0,4,0.20000000000000007,38,VIP,23
36,1997,1,5,Inlagd Sill,Seafood,15.2,19.0,4,0.20000000000000007,38,VIP,23
36,1997,5,120,Inlagd Sill,Seafood,19.0,19.0,4,0.0,38,VIP,23
36,1997,6,25,Inlagd Sill,Seafood,19.0,19.0,4,0.0,38,VIP,23
36,1997,7,76,Inlagd Sill,Seafood,19.0,19.0,4,0.0,38,VIP,23
36,1997,8,15,Inlagd Sill,Seafood,19.0,19.0,4,0.0,38,VIP,23
36,1997,9,36,Inlagd Sill,Seafood,19.0,19.0,4,0.0,38,VIP,23
36,1997,10,45,Inlagd Sill,Seafood,19.0,19.0,4,0.0,38,VIP,23
36,1997,11,26,Inlagd Sill,Seafood,19.0,19.0,4,0.0,38,VIP,23
36,1997,12,30,Inlagd Sill,Seafood,19.0,19.0,4,0.0,38,VIP,23
36,1998,1,50,Inlagd Sill,Seafood,19.0,19.0,4,0.0,38,VIP,23
36,1998,2,20,Inlagd Sill,Seafood,19.0,19.0,4,0.0,38,VIP,23
36,1998,3,95,Inlagd Sill,Seafood,19.0,19.0,4,0.0,38,VIP,23
36,1998,4,69,Inlagd Sill,Seafood,19.0,19.0,4,0.0,38,VIP,23
37,1996,7,1,Gravad lax,Seafood,20.8,26.0,4,0.19999999999999996,3,Core Customer,6
37,1996,10,28,Gravad lax,Seafood,20.8,26.0,4,0.19999999999999996,3,Core Customer,6
37,1997,1,10,Gravad lax,Seafood,20.8,26.0,4,0.19999999999999996,3,Core Customer,6
37,1997,5,18,Gravad lax,Seafood,26.0,26.0,4,0.0,3,Core Customer,6
37,1998,1,60,Gravad lax,Seafood,26.0,26.0,4,0.0,3,Core Customer,6
37,1998,3,8,Gravad lax,Seafood,26.0,26.0,4,0.0,3,Core Customer,6
38,1996,10,20,Côte de Blaye,Beverages,210.8,263.5,1,0.19999999999999996,44,VIP,19
38,1996,11,80,Côte de Blaye,Beverages,210.80000000000004,263.5,1,0.19999999999999984,44,VIP,19
38,1996,12,40,Côte de Blaye,Beverages,210.8,263.5,1,0.19999999999999996,44,VIP,19
38,1997,1,99,Côte de Blaye,Beverages,210.8,263.5,1,0.19999999999999996,44,VIP,19
38,1997,3,30,Côte de Blaye,Beverages,210.8,263.5,1,0.19999999999999996,44,VIP,19
38,1997,4,15,Côte de Blaye,Beverages,263.5,263.5,1,0.0,44,VIP,19
38,1997,5,34,Côte de Blaye,Beverages,263.5,263.5,1,0.0,44,VIP,19
38,1997,7,15,Côte de Blaye,Beverages,263.5,263.5,1,0.0,44,VIP,19
38,1997,9,15,Côte de Blaye,Beverages,263.5,263.5,1,0.0,44,VIP,19
38,1997,12,15,Côte de Blaye,Beverages,263.5,263.5,1,0.0,44,VIP,19
38,1998,1,70,Côte de Blaye,Beverages,263.5,263.5,1,0.0,44,VIP,19
38,1998,2,100,Côte de Blaye,Beverages,263.5,263.5,1,0.0,44,VIP,19
38,1998,3,65,Côte de Blaye,Beverages,263.5,263.5,1,0.0,44,VIP,19
38,1998,4,25,Côte de Blaye,Beverages,263.5,263.5,1,0.0,44,VIP,19
39,1996,7,48,Chartreuse verte,Beverages,14.4,18.0,1,0.19999999999999996,15,VIP,26
39,1996,9,90,Chartreuse verte,Beverages,14.4,18.0,1,0.19999999999999996,15,VIP,26
39,1996,10,4,Chartreuse verte,Beverages,14.4,18.0,1,0.19999999999999996,15,VIP,26
39,1996,11,104,Chartreuse verte,Beverages,14.4,18.0,1,0.19999999999999996,15,VIP,26
39,1996,12,20,Chartreuse verte,Beverages,14.4,18.0,1,0.19999999999999996,15,VIP,26
39,1997,2,26,Chartreuse verte,Beverages,14.4,18.0,1,0.19999999999999996,15,VIP,26
39,1997,3,20,Chartreuse verte,Beverages,14.4,18.0,1,0.19999999999999996,15,VIP,26
39,1997,4,10,Chartreuse verte,Beverages,18.0,18.0,1,0.0,15,VIP,26
39,1997,6,10,Chartreuse verte,Beverages,18.0,18.0,1,0.0,15,VIP,26
39,1997,7,5,Chartreuse verte,Beverages,18.0,18.0,1,0.0,15,VIP,26
39,1997,8,41,Chartreuse verte,Beverages,18.0,18.0,1,0.0,15,VIP,26
39,1997,9,23,Chartreuse verte,Beverages,18.0,18.0,1,0.0,15,VIP,26
39,1997,12,148,Chartreuse verte,Beverages,18.0,18.0,1,0.0,15,VIP,26
39,1998,1,59,Chartreuse verte,Beverages,18.0,18.0,1,0.0,15,VIP,26
39,1998,2,133,Chartreuse verte,Beverages,18.0,18.0,1,0.0,15,VIP,26
39,1998,3,30,Chartreuse verte,Beverages,18.0,18.0,1,0.0,15,VIP,26
39,1998,5,22,Chartreuse verte,Beverages,18.0,18.0,1,0.0,15,VIP,26
40,1996,7,50,Boston Crab Meat,Seafood,14.7,18.4,4,0.20108695652173914,37,VIP,30
40,1996,8,100,Boston Crab Meat,Seafood,14.7,18.4,4,0.20108695652173914,37,VIP,30
40,1996,9,50,Boston Crab Meat,Seafood,14.7,18.4,4,0.20108695652173914,37,VIP,30
40,1996,11,4,Boston Crab Meat,Seafood,14.7,18.4,4,0.20108695652173914,37,VIP,30
40,1997,1,52,Boston Crab Meat,Seafood,14.7,18.4,4,0.20108695652173914,37,VIP,30
40,1997,2,20,Boston Crab Meat,Seafood,14.7,18.4,4,0.20108695652173914,37,VIP,30
40,1997,3,61,Boston Crab Meat,Seafood,14.7,18.4,4,0.20108695652173914,37,VIP,30
40,1997,4,30,Boston Crab Meat,Seafood,18.4,18.4,4,0.0,37,VIP,30
40,1997,5,35,Boston Crab Meat,Seafood,18.4,18.4,4,0.0,37,VIP,30
40,1997,6,52,Boston Crab Meat,Seafood,18.4,18.4,4,0.0,37,VIP,30
40,1997,7,42,Boston Crab Meat,Seafood,18.4,18.4,4,0.0,37,VIP,30
40,1997,8,60,Boston Crab Meat,Seafood,18.4,18.4,4,0.0,37,VIP,30
40,1997,9,144,Boston Crab Meat,Seafood,18.4,18.4,4,0.0,37,VIP,30
40,1997,11,99,Boston Crab Meat,Seafood,18.4,18.4,4,0.0,37,VIP,30
40,1997,12,1,Boston Crab Meat,Seafood,18.4,18.4,4,0.0,37,VIP,30
40,1998,1,115,Boston Crab Meat,Seafood,18.4,18.4,4,0.0,37,VIP,30
40,1998,2,103,Boston Crab Meat,Seafood,18.4,18.4,4,0.0,37,VIP,30
40,1998,3,30,Boston Crab Meat,Seafood,18.4,18.4,4,0.0,37,VIP,30
40,1998,4,55,Boston Crab Meat,Seafood,18.4,18.4,4,0.0,37,VIP,30
41,1996,7,51,Jack's New England Clam Chowder,Seafood,7.7,9.65,4,0.20207253886010368,29,VIP,34
41,1996,9,10,Jack's New England Clam Chowder,Seafood,7.7,9.65,4,0.20207253886010368,29,VIP,34
41,1996,10,32,Jack's New England Clam Chowder,Seafood,7.7,9.65,4,0.20207253886010368,29,VIP,34
41,1996,11,13,Jack's New England Clam Chowder,Seafood,7.7,9.65,4,0.20207253886010368,29,VIP,34
41,1996,12,8,Jack's New England Clam Chowder,Seafood,7.7,9.65,4,0.20207253886010368,29,VIP,34
41,1997,1,25,Jack's New England Clam Chowder,Seafood,7.7,9.65,4,0.20207253886010368,29,VIP,34
41,1997,2,30,Jack's New England Clam Chowder,Seafood,7.7,9.65,4,0.20207253886010368,29,VIP,34
41,1997,4,110,Jack's New England Clam Chowder,Seafood,9.0,9.65,4,0.06735751295336789,29,VIP,34
41,1997,5,20,Jack's New England Clam Chowder,Seafood,9.65,9.65,4,0.0,29,VIP,34
41,1997,6,21,Jack's New England Clam Chowder,Seafood,9.65,9.65,4,0.0,29,VIP,34
41,1997,9,168,Jack's New England Clam Chowder,Seafood,9.65,9.65,4,0.0,29,VIP,34
41,1997,10,54,Jack's New England Clam Chowder,Seafood,9.65,9.65,4,0.0,29,VIP,34
41,1997,11,47,Jack's New England Clam Chowder,Seafood,9.65,9.65,4,0.0,29,VIP,34
41,1997,12,74,Jack's New England Clam Chowder,Seafood,9.65,9.65,4,0.0,29,VIP,34
41,1998,1,52,Jack's New England Clam Chowder,Seafood,9.65,9.65,4,0.0,29,VIP,34
41,1998,2,49,Jack's New England Clam Chowder,Seafood,9.65,9.65,4,0.0,29,VIP,34
41,1998,3,40,Jack's New England Clam Chowder,Seafood,9.65,9.65,4,0.0,29,VIP,34
41,1998,4,113,Jack's New England Clam Chowder,Seafood,9.65,9.65,4,0.0,29,VIP,34
41,1998,5,64,Jack's New England Clam Chowder,Seafood,9.65,9.65,4,0.0,29,VIP,34
42,1996,7,10,Singaporean Hokkien Fried Mee,Grains/Cereals,9.8,14.0,6,0.29999999999999993,21,VIP,21
42,1996,9,8,Singaporean Hokkien Fried Mee,Grains/Cereals,11.2,14.0,6,0.20000000000000007,21,VIP,21
42,1996,10,10,Singaporean Hokkien Fried Mee,Grains/Cereals,11.2,14.0,6,0.20000000000000007,21,VIP,21
42,1996,11,9,Singaporean Hokkien Fried Mee,Grains/Cereals,11.2,14.0,6,0.20000000000000007,21,VIP,21
42,1997,1,40,Singaporean Hokkien Fried Mee,Grains/Cereals,11.2,14.0,6,0.20000000000000007,21,VIP,21
42,1997,3,50,Singaporean Hokkien Fried Mee,Grains/Cereals,11.2,14.0,6,0.20000000000000007,21,VIP,21
42,1997,4,70,Singaporean Hokkien Fried Mee,Grains/Cereals,13.066666666666668,14.0,6,0.06666666666666654,21,VIP,21
42,1997,6,28,Singaporean Hokkien Fried Mee,Grains/Cereals,14.0,14.0,6,0.0,21,VIP,21
42,1997,7,100,Singaporean Hokkien Fried Mee,Grains/Cereals,14.0,14.0,6,0.0,21,VIP,21
42,1997,8,5,Singaporean Hokkien Fried Mee,Grains/Cereals,14.0,14.0,6,0.0,21,VIP,21
42,1997,9,96,Singaporean Hokkien Fried Mee,Grains/Cereals,14.0,14.0,6,0.0,21,VIP,21
42,1997,11,28,Singaporean Hokkien Fried Mee,Grains/Cereals,14.0,14.0,6,0.0,21,VIP,21
42,1997,12,34,Singaporean Hokkien Fried Mee,Grains/Cereals,14.0,14.0,6,0.0,21,VIP,21
42,1998,1,62,Singaporean Hokkien Fried Mee,Grains/Cereals,14.0,14.0,6,0.0,21,VIP,21
42,1998,2,25,Singaporean Hokkien Fried Mee,Grains/Cereals,14.0,14.0,6,0.0,21,VIP,21
42,1998,3,10,Singaporean Hokkien Fried Mee,Grains/Cereals,14.0,14.0,6,0.0,21,VIP,21
42,1998,4,112,Singaporean Hokkien Fried Mee,Grains/Cereals,14.0,14.0,6,0.0,21,VIP,21
43,1996,8,40,Ipoh Coffee,Beverages,36.8,46.0,1,0.20000000000000007,48,Core Customer,26
43,1996,9,56,Ipoh Coffee,Beverages,36.8,46.0,1,0.20000000000000007,48,Core Customer,26
43,1996,10,40,Ipoh Coffee,Beverages,36.8,46.0,1,0.20000000000000007,48,Core Customer,26
43,1997,2,20,Ipoh Coffee,Beverages,36.8,46.0,1,0.20000000000000007,48,Core Customer,26
43,1997,3,18,Ipoh Coffee,Beverages,36.8,46.0,1,0.20000000000000007,48,Core Customer,26
43,1997,4,15,Ipoh Coffee,Beverages,46.0,46.0,1,0.0,48,Core Customer,26
43,1997,5,85,Ipoh Coffee,Beverages,46.0,46.0,1,0.0,48,Core Customer,26
43,1997,8,20,Ipoh Coffee,Beverages,46.0,46.0,1,0.0,48,Core Customer,26
43,1997,9,6,Ipoh Coffee,Beverages,46.0,46.0,1,0.0,48,Core Customer,26
43,1997,10,64,Ipoh Coffee,Beverages,46.0,46.0,1,0.0,48,Core Customer,26
43,1997,12,30,Ipoh Coffee,Beverages,46.0,46.0,1,0.0,48,Core Customer,26
43,1998,1,41,Ipoh Coffee,Beverages,46.0,46.0,1,0.0,48,Core Customer,26
43,1998,3,49,Ipoh Coffee,Beverages,46.0,46.0,1,0.0,48,Core Customer,26
43,1998,4,60,Ipoh Coffee,Beverages,46.0,46.0,1,0.0,48,Core Customer,26
43,1998,5,36,Ipoh Coffee,Beverages,46.0,46.0,1,0.0,48,Core Customer,26
44,1996,8,61,Gula Malacca,Condiments,15.5,19.45,5,0.20308483290488433,53,VIP,18
44,1996,11,77,Gula Malacca,Condiments,15.5,19.45,5,0.20308483290488433,53,VIP,18
44,1997,1,40,Gula Malacca,Condiments,15.5,19.45,5,0.20308483290488433,53,VIP,18
44,1997,2,100,Gula Malacca,Condiments,15.5,19.45,5,0.20308483290488433,53,VIP,18
44,1997,3,17,Gula Malacca,Condiments,15.5,19.45,5,0.20308483290488433,53,VIP,18
44,1997,4,9,Gula Malacca,Condiments,19.45,19.45,5,0.0,53,VIP,18
44,1997,5,40,Gula Malacca,Condiments,19.45,19.45,5,0.0,53,VIP,18
44,1997,6,31,Gula Malacca,Condiments,19.45,19.45,5,0.0,53,VIP,18
44,1997,8,10,Gula Malacca,Condiments,19.45,19.45,5,0.0,53,VIP,18
44,1997,9,49,Gula Malacca,Condiments,19.45,19.45,5,0.0,53,VIP,18
44,1997,10,74,Gula Malacca,Condiments,19.45,19.45,5,0.0,53,VIP,18
44,1997,11,16,Gula Malacca,Condiments,19.45,19.45,5,0.0,53,VIP,18
44,1997,12,10,Gula Malacca,Condiments,19.45,19.45,5,0.0,53,VIP,18
44,1998,1,16,Gula Malacca,Condiments,19.45,19.45,5,0.0,53,VIP,18
44,1998,3,24,Gula Malacca,Condiments,19.45,19.45,5,0.0,53,VIP,18
44,1998,4,27,Gula Malacca,Condiments,19.45,19.45,5,0.0,53,VIP,18
45,1996,12,15,Rogede sild,Seafood,7.6,9.5,4,0.20000000000000007,73,Core Customer,12
45,1997,3,30,Rogede sild,Seafood,7.6,9.5,4,0.20000000000000007,73,Core Customer,12
45,1997,4,21,Rogede sild,Seafood,9.5,9.5,4,0.0,73,Core Customer,12
45,1997,5,100,Rogede sild,Seafood,9.5,9.5,4,0.0,73,Core Customer,12
45,1997,8,20,Rogede sild,Seafood,9.5,9.5,4,0.0,73,Core Customer,12
45,1997,10,110,Rogede sild,Seafood,9.5,9.5,4,0.0,73,Core Customer,12
45,1997,11,84,Rogede sild,Seafood,9.5,9.5,4,0.0,73,Core Customer,12
45,1997,12,27,Rogede sild,Seafood,9.5,9.5,4,0.0,73,Core Customer,12
45,1998,1,36,Rogede sild,Seafood,9.5,9.5,4,0.0,73,Core Customer,12
45,1998,2,15,Rogede sild,Seafood,9.5,9.5,4,0.0,73,Core Customer,12
45,1998,3,30,Rogede sild,Seafood,9.5,9.5,4,0.0,73,Core Customer,12
45,1998,4,20,Rogede sild,Seafood,9.5,9.5,4,0.0,73,Core Customer,12
46,1996,8,15,Spegesild,Seafood,9.6,12.0,4,0.20000000000000007,36,VIP,23
46,1996,10,30,Spegesild,Seafood,9.6,12.0,4,0.20000000000000007,36,VIP,23
46,1996,12,73,Spegesild,Seafood,9.6,12.0,4,0.20000000000000007,36,VIP,23
46,1997,1,22,Spegesild,Seafood,9.6,12.0,4,0.20000000000000007,36,VIP,23
46,1997,2,35,Spegesild,Seafood,9.6,12.0,4,0.20000000000000007,36,VIP,23
46,1997,3,5,Spegesild,Seafood,9.6,12.0,4,0.20000000000000007,36,VIP,23
46,1997,4,9,Spegesild,Seafood,12.0,12.0,4,0.0,36,VIP,23
46,1997,8,23,Spegesild,Seafood,12.0,12.0,4,0.0,36,VIP,23
46,1997,9,105,Spegesild,Seafood,12.0,12.0,4,0.0,36,VIP,23
46,1997,10,42,Spegesild,Seafood,12.0,12.0,4,0.0,36,VIP,23
46,1997,11,28,Spegesild,Seafood,12.0,12.0,4,0.0,36,VIP,23
46,1998,1,35,Spegesild,Seafood,12.0,12.0,4,0.0,36,VIP,23
46,1998,2,21,Spegesild,Seafood,12.0,12.0,4,0.0,36,VIP,23
46,1998,3,24,Spegesild,Seafood,12.0,12.0,4,0.0,36,VIP,23
46,1998,4,48,Spegesild,Seafood,12.0,12.0,4,0.0,36,VIP,23
46,1998,5,33,Spegesild,Seafood,12.0,12.0,4,0.0,36,VIP,23
47,1996,10,16,Zaanse koeken,Confections,7.6,9.5,3,0.20000000000000007,67,VIP,18
47,1997,1,85,Zaanse koeken,Confections,7.6,9.5,3,0.20000000000000007,67,VIP,18
47,1997,3,30,Zaanse koeken,Confections,7.6,9.5,3,0.20000000000000007,67,VIP,18
47,1997,4,6,Zaanse koeken,Confections,9.5,9.5,3,0.0,67,VIP,18
47,1997,6,25,Zaanse koeken,Confections,9.5,9.5,3,0.0,67,VIP,18
47,1997,7,15,Zaanse koeken,Confections,9.5,9.5,3,0.0,67,VIP,18
47,1997,9,71,Zaanse koeken,Confections,9.5,9.5,3,0.0,67,VIP,18
47,1997,10,67,Zaanse koeken,Confections,9.5,9.5,3,0.0,67,VIP,18
47,1997,11,30,Zaanse koeken,Confections,9.5,9.5,3,0.0,67,VIP,18
47,1997,12,30,Zaanse koeken,Confections,9.5,9.5,3,0.0,67,VIP,18
47,1998,1,40,Zaanse koeken,Confections,9.5,9.5,3,0.0,67,VIP,18
47,1998,2,21,Zaanse koeken,Confections,9.5,9.5,3,0.0,67,VIP,18
47,1998,3,49,Zaanse koeken,Confections,9.5,9.5,3,0.0,67,VIP,18
48,1997,1,70,Chocolade,Confections,10.2,12.75,3,0.20000000000000007,49,Core Customer,6
48,1997,2,15,Chocolade,Confections,10.2,12.75,3,0.20000000000000007,49,Core Customer,6
48,1997,4,15,Chocolade,Confections,12.75,12.75,3,0.0,49,Core Customer,6
48,1997,7,6,Chocolade,Confections,12.75,12.75,3,0.0,49,Core Customer,6
48,1997,10,24,Chocolade,Confections,12.75,12.75,3,0.0,49,Core Customer,6
48,1998,1,8,Chocolade,Confections,12.75,12.75,3,0.0,49,Core Customer,6
49,1996,7,40,Maxilaku,Confections,16.0,20.0,3,0.19999999999999996,4,Core Customer,19
49,1996,8,15,Maxilaku,Confections,16.0,20.0,3,0.19999999999999996,4,Core Customer,19
49,1996,9,30,Maxilaku,Confections,16.0,20.0,3,0.19999999999999996,4,Core Customer,19
49,1996,11,35,Maxilaku,Confections,16.0,20.0,3,0.19999999999999996,4,Core Customer,19
49,1997,1,60,Maxilaku,Confections,16.0,20.0,3,0.19999999999999996,4,Core Customer,19
49,1997,2,21,Maxilaku,Confections,16.0,20.0,3,0.19999999999999996,4,Core Customer,19
49,1997,3,24,Maxilaku,Confections,16.0,20.0,3,0.19999999999999996,4,Core Customer,19
49,1997,4,25,Maxilaku,Confections,20.0,20.0,3,0.0,4,Core Customer,19
49,1997,5,6,Maxilaku,Confections,20.0,20.0,3,0.0,4,Core Customer,19
49,1997,7,43,Maxilaku,Confections,20.0,20.0,3,0.0,4,Core Customer,19
49,1997,12,4,Maxilaku,Confections,20.0,20.0,3,0.0,4,Core Customer,19
49,1998,2,87,Maxilaku,Confections,20.0,20.0,3,0.0,4,Core Customer,19
49,1998,3,68,Maxilaku,Confections,20.0,20.0,3,0.0,4,Core Customer,19
49,1998,4,62,Maxilaku,Confections,20.0,20.0,3,0.0,4,Core Customer,19
50,1996,11,15,Valkoinen suklaa,Confections,13.0,16.25,3,0.19999999999999996,5,Core Customer,9
50,1996,12,15,Valkoinen suklaa,Confections,13.0,16.25,3,0.19999999999999996,5,Core Customer,9
50,1997,1,40,Valkoinen suklaa,Confections,13.0,16.25,3,0.19999999999999996,5,Core Customer,9
50,1997,3,25,Valkoinen suklaa,Confections,13.0,16.25,3,0.19999999999999996,5,Core Customer,9
50,1997,8,25,Valkoinen suklaa,Confections,16.25,16.25,3,0.0,5,Core Customer,9
50,1997,11,60,Valkoinen suklaa,Confections,16.25,16.25,3,0.0,5,Core Customer,9
50,1998,3,33,Valkoinen suklaa,Confections,16.25,16.25,3,0.0,5,Core Customer,9
50,1998,5,22,Valkoinen suklaa,Confections,16.25,16.25,3,0.0,5,Core Customer,9
51,1996,7,75,Manjimup Dried Apples,Produce,42.4,53.0,8,0.20000000000000007,45,Core Customer,32
51,1996,8,2,Manjimup Dried Apples,Produce,42.4,53.0,8,0.20000000000000007,45,Core Customer,32
51,1996,10,48,Manjimup Dried Apples,Produce,42.4,53.0,8,0.20000000000000007,45,Core Customer,32
51,1996,11,20,Manjimup Dried Apples,Produce,42.4,53.0,8,0.20000000000000007,45,Core Customer,32
51,1996,12,18,Manjimup Dried Apples,Produce,42.4,53.0,8,0.20000000000000007,45,Core Customer,32
51,1997,3,46,Manjimup Dried Apples,Produce,42.4,53.0,8,0.20000000000000007,45,Core Customer,32
51,1997,5,54,Manjimup Dried Apples,Produce,53.0,53.0,8,0.0,45,Core Customer,32
51,1997,6,93,Manjimup Dried Apples,Produce,53.0,53.0,8,0.0,45,Core Customer,32
51,1997,8,15,Manjimup Dried Apples,Produce,53.0,53.0,8,0.0,45,Core Customer,32
51,1997,9,40,Manjimup Dried Apples,Produce,53.0,53.0,8,0.0,45,Core Customer,32
51,1997,10,35,Manjimup Dried Apples,Produce,53.0,53.0,8,0.0,45,Core Customer,32
51,1997,11,30,Manjimup Dried Apples,Produce,53.0,53.0,8,0.0,45,Core Customer,32
51,1997,12,188,Manjimup Dried Apples,Produce,53.0,53.0,8,0.0,45,Core Customer,32
51,1998,1,13,Manjimup Dried Apples,Produce,53.0,53.0,8,0.0,45,Core Customer,32
51,1998,2,2,Manjimup Dried Apples,Produce,53.0,53.0,8,0.0,45,Core Customer,32
51,1998,3,74,Manjimup Dried Apples,Produce,53.0,53.0,8,0.0,45,Core Customer,32
51,1998,4,133,Manjimup Dried Apples,Produce,53.0,53.0,8,0.0,45,Core Customer,32
52,1996,10,28,Filo Mix,Grains/Cereals,5.6,7.0,6,0.20000000000000007,72,Core Customer,27
52,1996,12,20,Filo Mix,Grains/Cereals,5.6,7.0,6,0.20000000000000007,72,Core Customer,27
52,1997,2,35,Filo Mix,Grains/Cereals,5.6,7.0,6,0.20000000000000007,72,Core Customer,27
52,1997,4,6,Filo Mix,Grains/Cereals,7.0,7.0,6,0.0,72,Core Customer,27
52,1997,6,100,Filo Mix,Grains/Cereals,7.0,7.0,6,0.0,72,Core Customer,27
52,1997,7,28,Filo Mix,Grains/Cereals,7.0,7.0,6,0.0,72,Core Customer,27
52,1997,8,5,Filo Mix,Grains/Cereals,7.0,7.0,6,0.0,72,Core Customer,27
52,1997,9,9,Filo Mix,Grains/Cereals,7.0,7.0,6,0.0,72,Core Customer,27
52,1997,10,4,Filo Mix,Grains/Cereals,7.0,7.0,6,0.0,72,Core Customer,27
52,1997,11,103,Filo Mix,Grains/Cereals,7.0,7.0,6,0.0,72,Core Customer,27
52,1997,12,23,Filo Mix,Grains/Cereals,7.0,7.0,6,0.0,72,Core Customer,27
52,1998,1,28,Filo Mix,Grains/Cereals,7.0,7.0,6,0.0,72,Core Customer,27
52,1998,2,14,Filo Mix,Grains/Cereals,7.0,7.0,6,0.0,72,Core Customer,27
52,1998,3,63,Filo Mix,Grains/Cereals,7.0,7.0,6,0.0,72,Core Customer,27
52,1998,4,32,Filo Mix,Grains/Cereals,7.0,7.0,6,0.0,72,Core Customer,27
52,1998,5,2,Filo Mix,Grains/Cereals,7.0,7.0,6,0.0,72,Core Customer,27
53,1996,7,15,Perth Pasties,Meat/Poultry,26.2,32.8,7,0.2012195121951219,14,Core Customer,25
53,1996,8,36,Perth Pasties,Meat/Poultry,26.2,32.8,7,0.2012195121951219,14,Core Customer,25
53,1996,9,30,Perth Pasties,Meat/Poultry,26.2,32.8,7,0.2012195121951219,14,Core Customer,25
53,1996,12,130,Perth Pasties,Meat/Poultry,26.2,32.8,7,0.2012195121951219,14,Core Customer,25
53,1997,1,25,Perth Pasties,Meat/Poultry,26.2,32.8,7,0.2012195121951219,14,Core Customer,25
53,1997,2,65,Perth Pasties,Meat/Poultry,26.2,32.8,7,0.2012195121951219,14,Core Customer,25
53,1997,3,28,Perth Pasties,Meat/Poultry,26.2,32.8,7,0.2012195121951219,14,Core Customer,25
53,1997,4,21,Perth Pasties,Meat/Poultry,32.8,32.8,7,0.0,14,Core Customer,25
53,1997,6,43,Perth Pasties,Meat/Poultry,32.8,32.8,7,0.0,14,Core Customer,25
53,1997,8,37,Perth Pasties,Meat/Poultry,32.8,32.8,7,0.0,14,Core Customer,25
53,1997,9,10,Perth Pasties,Meat/Poultry,32.8,32.8,7,0.0,14,Core Customer,25
53,1997,10,123,Perth Pasties,Meat/Poultry,32.8,32.8,7,0.0,14,Core Customer,25
53,1998,1,29,Perth Pasties,Meat/Poultry,32.8,32.8,7,0.0,14,Core Customer,25
53,1998,2,3,Perth Pasties,Meat/Poultry,32.8,32.8,7,0.0,14,Core Customer,25
53,1998,3,22,Perth Pasties,Meat/Poultry,32.8,32.8,7,0.0,14,Core Customer,25
53,1998,4,80,Perth Pasties,Meat/Poultry,32.8,32.8,7,0.0,14,Core Customer,25
53,1998,5,25,Perth Pasties,Meat/Poultry,32.8,32.8,7,0.0,14,Core Customer,25
54,1996,8,10,Tourtière,Meat/Poultry,5.9,7.45,7,0.2080536912751677,11,VIP,28
54,1996,9,5,Tourtière,Meat/Poultry,5.9,7.45,7,0.2080536912751677,11,VIP,28
54,1996,10,15,Tourtière,Meat/Poultry,5.9,7.45,7,0.2080536912751677,11,VIP,28
54,1996,11,114,Tourtière,Meat/Poultry,5.9,7.45,7,0.2080536912751677,11,VIP,28
54,1996,12,10,Tourtière,Meat/Poultry,5.9,7.45,7,0.2080536912751677,11,VIP,28
54,1997,1,46,Tourtière,Meat/Poultry,5.9,7.45,7,0.2080536912751677,11,VIP,28
54,1997,2,101,Tourtière,Meat/Poultry,5.900000000000001,7.45,7,0.2080536912751676,11,VIP,28
54,1997,3,24,Tourtière,Meat/Poultry,5.9,7.45,7,0.2080536912751677,11,VIP,28
54,1997,4,20,Tourtière,Meat/Poultry,7.45,7.45,7,0.0,11,VIP,28
54,1997,5,49,Tourtière,Meat/Poultry,7.45,7.45,7,0.0,11,VIP,28
54,1997,7,54,Tourtière,Meat/Poultry,7.45,7.45,7,0.0,11,VIP,28
54,1997,8,30,Tourtière,Meat/Poultry,7.45,7.45,7,0.0,11,VIP,28
54,1997,9,36,Tourtière,Meat/Poultry,7.45,7.45,7,0.0,11,VIP,28
54,1997,10,115,Tourtière,Meat/Poultry,7.45,7.45,7,0.0,11,VIP,28
54,1997,12,19,Tourtière,Meat/Poultry,7.45,7.45,7,0.0,11,VIP,28
54,1998,1,35,Tourtière,Meat/Poultry,7.45,7.45,7,0.0,11,VIP,28
54,1998,2,42,Tourtière,Meat/Poultry,7.45,7.45,7,0.0,11,VIP,28
54,1998,4,10,Tourtière,Meat/Poultry,7.45,7.45,7,0.0,11,VIP,28
54,1998,5,20,Tourtière,Meat/Poultry,7.45,7.45,7,0.0,11,VIP,28
55,1996,7,21,Pâté chinois,Meat/Poultry,19.2,24.0,7,0.20000000000000007,25,VIP,26
55,1996,8,20,Pâté chinois,Meat/Poultry,19.2,24.0,7,0.20000000000000007,25,VIP,26
55,1996,10,40,Pâté chinois,Meat/Poultry,19.2,24.0,7,0.20000000000000007,25,VIP,26
55,1996,11,12,Pâté chinois,Meat/Poultry,19.2,24.0,7,0.20000000000000007,25,VIP,26
55,1996,12,135,Pâté chinois,Meat/Poultry,19.2,24.0,7,0.20000000000000007,25,VIP,26
55,1997,1,10,Pâté chinois,Meat/Poultry,19.2,24.0,7,0.20000000000000007,25,VIP,26
55,1997,2,180,Pâté chinois,Meat/Poultry,19.2,24.0,7,0.20000000000000007,25,VIP,26
55,1997,3,32,Pâté chinois,Meat/Poultry,19.2,24.0,7,0.20000000000000007,25,VIP,26
55,1997,5,14,Pâté chinois,Meat/Poultry,24.0,24.0,7,0.0,25,VIP,26
55,1997,6,43,Pâté chinois,Meat/Poultry,24.0,24.0,7,0.0,25,VIP,26
55,1997,7,25,Pâté chinois,Meat/Poultry,24.0,24.0,7,0.0,25,VIP,26
55,1997,8,12,Pâté chinois,Meat/Poultry,24.0,24.0,7,0.0,25,VIP,26
55,1997,9,4,Pâté chinois,Meat/Poultry,24.0,24.0,7,0.0,25,VIP,26
55,1997,10,27,Pâté chinois,Meat/Poultry,24.0,24.0,7,0.0,25,VIP,26
55,1997,11,12,Pâté chinois,Meat/Poultry,24.0,24.0,7,0.0,25,VIP,26
55,1997,12,60,Pâté chinois,Meat/Poultry,24.0,24.0,7,0.0,25,VIP,26
55,1998,2,40,Pâté chinois,Meat/Poultry,24.0,24.0,7,0.0,25,VIP,26
55,1998,3,29,Pâté chinois,Meat/Poultry,24.0,24.0,7,0.0,25,VIP,26
55,1998,4,181,Pâté chinois,Meat/Poultry,24.0,24.0,7,0.0,25,VIP,26
55,1998,5,6,Pâté chinois,Meat/Poultry,24.0,24.0,7,0.0,25,VIP,26
56,1996,7,2,Gnocchi di nonna Alice,Grains/Cereals,30.4,38.0,6,0.20000000000000007,19,VIP,34
56,1996,9,24,Gnocchi di nonna Alice,Grains/Cereals,30.4,38.0,6,0.20000000000000007,19,VIP,34
56,1996,10,12,Gnocchi di nonna Alice,Grains/Cereals,30.4,38.0,6,0.20000000000000007,19,VIP,34
56,1996,11,20,Gnocchi di nonna Alice,Grains/Cereals,30.4,38.0,6,0.20000000000000007,19,VIP,34
56,1996,12,38,Gnocchi di nonna Alice,Grains/Cereals,30.4,38.0,6,0.20000000000000007,19,VIP,34
56,1997,1,105,Gnocchi di nonna Alice,Grains/Cereals,30.399999999999995,38.0,6,0.20000000000000018,19,VIP,34
56,1997,2,83,Gnocchi di nonna Alice,Grains/Cereals,30.399999999999995,38.0,6,0.20000000000000018,19,VIP,34
56,1997,3,50,Gnocchi di nonna Alice,Grains/Cereals,30.4,38.0,6,0.20000000000000007,19,VIP,34
56,1997,4,154,Gnocchi di nonna Alice,Grains/Cereals,34.2,38.0,6,0.09999999999999998,19,VIP,34
56,1997,5,30,Gnocchi di nonna Alice,Grains/Cereals,38.0,38.0,6,0.0,19,VIP,34
56,1997,6,100,Gnocchi di nonna Alice,Grains/Cereals,38.0,38.0,6,0.0,19,VIP,34
56,1997,7,47,Gnocchi di nonna Alice,Grains/Cereals,38.0,38.0,6,0.0,19,VIP,34
56,1997,8,80,Gnocchi di nonna Alice,Grains/Cereals,38.0,38.0,6,0.0,19,VIP,34
56,1997,9,57,Gnocchi di nonna Alice,Grains/Cereals,38.0,38.0,6,0.0,19,VIP,34
56,1997,10,68,Gnocchi di nonna Alice,Grains/Cereals,38.0,38.0,6,0.0,19,VIP,34
56,1997,11,97,Gnocchi di nonna Alice,Grains/Cereals,38.0,38.0,6,0.0,19,VIP,34
56,1997,12,100,Gnocchi di nonna Alice,Grains/Cereals,38.0,38.0,6,0.0,19,VIP,34
56,1998,1,104,Gnocchi di nonna Alice,Grains/Cereals,38.0,38.0,6,0.0,19,VIP,34
56,1998,2,37,Gnocchi di nonna Alice,Grains/Cereals,38.0,38.0,6,0.0,19,VIP,34
56,1998,3,30,Gnocchi di nonna Alice,Grains/Cereals,38.0,38.0,6,0.0,19,VIP,34
56,1998,4,25,Gnocchi di nonna Alice,Grains/Cereals,38.0,38.0,6,0.0,19,VIP,34
57,1996,7,65,Ravioli Angelo,Grains/Cereals,15.6,19.5,6,0.20000000000000007,24,Core Customer,21
57,1996,8,2,Ravioli Angelo,Grains/Cereals,15.6,19.5,6,0.20000000000000007,24,Core Customer,21
57,1996,10,16,Ravioli Angelo,Grains/Cereals,15.6,19.5,6,0.20000000000000007,24,Core Customer,21
57,1996,11,50,Ravioli Angelo,Grains/Cereals,15.6,19.5,6,0.20000000000000007,24,Core Customer,21
57,1997,1,20,Ravioli Angelo,Grains/Cereals,15.6,19.5,6,0.20000000000000007,24,Core Customer,21
57,1997,2,15,Ravioli Angelo,Grains/Cereals,15.6,19.5,6,0.20000000000000007,24,Core Customer,21
57,1997,5,5,Ravioli Angelo,Grains/Cereals,19.5,19.5,6,0.0,24,Core Customer,21
57,1997,6,10,Ravioli Angelo,Grains/Cereals,19.5,19.5,6,0.0,24,Core Customer,21
57,1997,7,20,Ravioli Angelo,Grains/Cereals,19.5,19.5,6,0.0,24,Core Customer,21
57,1997,10,40,Ravioli Angelo,Grains/Cereals,19.5,19.5,6,0.0,24,Core Customer,21
57,1997,11,14,Ravioli Angelo,Grains/Cereals,19.5,19.5,6,0.0,24,Core Customer,21
57,1998,1,64,Ravioli Angelo,Grains/Cereals,19.5,19.5,6,0.0,24,Core Customer,21
57,1998,2,20,Ravioli Angelo,Grains/Cereals,19.5,19.5,6,0.0,24,Core Customer,21
57,1998,3,45,Ravioli Angelo,Grains/Cereals,19.5,19.5,6,0.0,24,Core Customer,21
57,1998,4,48,Ravioli Angelo,Grains/Cereals,19.5,19.5,6,0.0,24,Core Customer,21
58,1996,9,30,Escargots de Bourgogne,Seafood,10.6,13.25,4,0.20000000000000007,62,VIP,17
58,1996,10,30,Escargots de Bourgogne,Seafood,10.6,13.25,4,0.20000000000000007,62,VIP,17
58,1996,12,95,Escargots de Bourgogne,Seafood,10.6,13.25,4,0.20000000000000007,62,VIP,17
58,1997,5,20,Escargots de Bourgogne,Seafood,13.25,13.25,4,0.0,62,VIP,17
58,1997,7,30,Escargots de Bourgogne,Seafood,13.25,13.25,4,0.0,62,VIP,17
58,1997,8,6,Escargots de Bourgogne,Seafood,13.25,13.25,4,0.0,62,VIP,17
58,1997,9,79,Escargots de Bourgogne,Seafood,13.25,13.25,4,0.0,62,VIP,17
58,1997,10,42,Escargots de Bourgogne,Seafood,13.25,13.25,4,0.0,62,VIP,17
58,1998,1,90,Escargots de Bourgogne,Seafood,13.25,13.25,4,0.0,62,VIP,17
58,1998,2,42,Escargots de Bourgogne,Seafood,13.25,13.25,4,0.0,62,VIP,17
58,1998,3,30,Escargots de Bourgogne,Seafood,13.25,13.25,4,0.0,62,VIP,17
58,1998,4,40,Escargots de Bourgogne,Seafood,13.25,13.25,4,0.0,62,VIP,17
59,1996,7,100,Raclette Courdavault,Dairy Products,44.0,55.0,2,0.19999999999999996,27,VIP,43
59,1996,8,21,Raclette Courdavault,Dairy Products,44.0,55.0,2,0.19999999999999996,27,VIP,43
59,1996,9,40,Raclette Courdavault,Dairy Products,44.0,55.0,2,0.19999999999999996,27,VIP,43
59,1996,10,58,Raclette Courdavault,Dairy Products,44.0,55.0,2,0.19999999999999996,27,VIP,43
59,1996,12,12,Raclette Courdavault,Dairy Products,44.0,55.0,2,0.19999999999999996,27,VIP,43
59,1997,1,115,Raclette Courdavault,Dairy Products,44.0,55.0,2,0.19999999999999996,27,VIP,43
59,1997,2,36,Raclette Courdavault,Dairy Products,44.0,55.0,2,0.19999999999999996,27,VIP,43
59,1997,3,162,Raclette Courdavault,Dairy Products,44.0,55.0,2,0.19999999999999996,27,VIP,43
59,1997,4,4,Raclette Courdavault,Dairy Products,55.0,55.0,2,0.0,27,VIP,43
59,1997,5,17,Raclette Courdavault,Dairy Products,55.0,55.0,2,0.0,27,VIP,43
59,1997,6,52,Raclette Courdavault,Dairy Products,55.0,55.0,2,0.0,27,VIP,43
59,1997,7,85,Raclette Courdavault,Dairy Products,55.0,55.0,2,0.0,27,VIP,43
59,1997,9,13,Raclette Courdavault,Dairy Products,55.0,55.0,2,0.0,27,VIP,43
59,1997,10,110,Raclette Courdavault,Dairy Products,55.0,55.0,2,0.0,27,VIP,43
59,1997,11,93,Raclette Courdavault,Dairy Products,55.0,55.0,2,0.0,27,VIP,43
59,1997,12,65,Raclette Courdavault,Dairy Products,55.0,55.0,2,0.0,27,VIP,43
59,1998,1,147,Raclette Courdavault,Dairy Products,55.0,55.0,2,0.0,27,VIP,43
59,1998,2,40,Raclette Courdavault,Dairy Products,55.0,55.0,2,0.0,27,VIP,43
59,1998,3,4,Raclette Courdavault,Dairy Products,55.0,55.0,2,0.0,27,VIP,43
59,1998,4,322,Raclette Courdavault,Dairy Products,55.0,55.0,2,0.0,27,VIP,43
60,1996,7,40,Camembert Pierrot,Dairy Products,27.2,34.0,2,0.20000000000000007,57,VIP,36
60,1996,8,76,Camembert Pierrot,Dairy Products,27.2,34.0,2,0.20000000000000007,57,VIP,36
60,1996,11,143,Camembert Pierrot,Dairy Products,27.2,34.0,2,0.20000000000000007,57,VIP,36
60,1996,12,111,Camembert Pierrot,Dairy Products,27.2,34.0,2,0.20000000000000007,57,VIP,36
60,1997,1,60,Camembert Pierrot,Dairy Products,27.2,34.0,2,0.20000000000000007,57,VIP,36
60,1997,3,60,Camembert Pierrot,Dairy Products,27.2,34.0,2,0.20000000000000007,57,VIP,36
60,1997,4,106,Camembert Pierrot,Dairy Products,34.0,34.0,2,0.0,57,VIP,36
60,1997,5,35,Camembert Pierrot,Dairy Products,34.0,34.0,2,0.0,57,VIP,36
60,1997,6,24,Camembert Pierrot,Dairy Products,34.0,34.0,2,0.0,57,VIP,36
60,1997,7,125,Camembert Pierrot,Dairy Products,34.0,34.0,2,0.0,57,VIP,36
60,1997,8,30,Camembert Pierrot,Dairy Products,34.0,34.0,2,0.0,57,VIP,36
60,1997,9,135,Camembert Pierrot,Dairy Products,34.0,34.0,2,0.0,57,VIP,36
60,1997,10,10,Camembert Pierrot,Dairy Products,34.0,34.0,2,0.0,57,VIP,36
60,1997,11,65,Camembert Pierrot,Dairy Products,34.0,34.0,2,0.0,57,VIP,36
60,1997,12,15,Camembert Pierrot,Dairy Products,34.0,34.0,2,0.0,57,VIP,36
60,1998,1,156,Camembert Pierrot,Dairy Products,34.0,34.0,2,0.0,57,VIP,36
60,1998,2,100,Camembert Pierrot,Dairy Products,34.0,34.0,2,0.0,57,VIP,36
60,1998,3,110,Camembert Pierrot,Dairy Products,34.0,34.0,2,0.0,57,VIP,36
60,1998,4,174,Camembert Pierrot,Dairy Products,34.0,34.0,2,0.0,57,VIP,36
60,1998,5,2,Camembert Pierrot,Dairy Products,34.0,34.0,2,0.0,57,VIP,36
61,1997,1,16,Sirop d'érable,Condiments,22.8,28.5,5,0.19999999999999996,74,Core Customer,22
61,1997,2,115,Sirop d'érable,Condiments,22.8,28.5,5,0.19999999999999996,74,Core Customer,22
61,1997,4,40,Sirop d'érable,Condiments,28.5,28.5,5,0.0,74,Core Customer,22
61,1997,5,30,Sirop d'érable,Condiments,28.5,28.5,5,0.0,74,Core Customer,22
61,1997,7,120,Sirop d'érable,Condiments,28.5,28.5,5,0.0,74,Core Customer,22
61,1997,8,20,Sirop d'érable,Condiments,28.5,28.5,5,0.0,74,Core Customer,22
61,1997,10,15,Sirop d'érable,Condiments,28.5,28.5,5,0.0,74,Core Customer,22
61,1997,11,20,Sirop d'érable,Condiments,28.5,28.5,5,0.0,74,Core Customer,22
61,1997,12,20,Sirop d'érable,Condiments,28.5,28.5,5,0.0,74,Core Customer,22
61,1998,1,30,Sirop d'érable,Condiments,28.5,28.5,5,0.0,74,Core Customer,22
61,1998,2,50,Sirop d'érable,Condiments,28.5,28.5,5,0.0,74,Core Customer,22
61,1998,3,30,Sirop d'érable,Condiments,28.5,28.5,5,0.0,74,Core Customer,22
61,1998,4,97,Sirop d'érable,Condiments,28.5,28.5,5,0.0,74,Core Customer,22
62,1996,7,15,Tarte au sucre,Confections,39.4,49.3,3,0.20081135902636915,47,VIP,33
62,1996,8,52,Tarte au sucre,Confections,39.4,49.3,3,0.20081135902636915,47,VIP,33
62,1996,9,125,Tarte au sucre,Confections,39.4,49.3,3,0.20081135902636915,47,VIP,33
62,1996,10,28,Tarte au sucre,Confections,39.4,49.3,3,0.20081135902636915,47,VIP,33
62,1996,12,30,Tarte au sucre,Confections,39.4,49.3,3,0.20081135902636915,47,VIP,33
62,1997,1,75,Tarte au sucre,Confections,39.4,49.3,3,0.20081135902636915,47,VIP,33
62,1997,2,35,Tarte au sucre,Confections,39.4,49.3,3,0.20081135902636915,47,VIP,33
62,1997,4,3,Tarte au sucre,Confections,49.3,49.3,3,0.0,47,VIP,33
62,1997,5,60,Tarte au sucre,Confections,49.3,49.3,3,0.0,47,VIP,33
62,1997,6,35,Tarte au sucre,Confections,49.29999999999999,49.3,3,1.1102230246251565e-16,47,VIP,33
62,1997,7,20,Tarte au sucre,Confections,49.3,49.3,3,0.0,47,VIP,33
62,1997,8,95,Tarte au sucre,Confections,49.3,49.3,3,0.0,47,VIP,33
62,1997,9,10,Tarte au sucre,Confections,49.3,49.3,3,0.0,47,VIP,33
62,1997,10,68,Tarte au sucre,Confections,49.3,49.3,3,0.0,47,VIP,33
62,1997,11,39,Tarte au sucre,Confections,49.3,49.3,3,0.0,47,VIP,33
62,1997,12,42,Tarte au sucre,Confections,49.3,49.3,3,0.0,47,VIP,33
62,1998,1,101,Tarte au sucre,Confections,49.3,49.3,3,0.0,47,VIP,33
62,1998,2,61,Tarte au sucre,Confections,49.29999999999999,49.3,3,1.1102230246251565e-16,47,VIP,33
62,1998,3,156,Tarte au sucre,Confections,49.3,49.3,3,0.0,47,VIP,33
62,1998,4,33,Tarte au sucre,Confections,49.3,49.3,3,0.0,47,VIP,33
63,1996,8,13,Vegie-spread,Condiments,35.1,43.9,5,0.20045558086560356,42,Core Customer,15
63,1996,10,80,Vegie-spread,Condiments,35.1,43.9,5,0.20045558086560356,42,Core Customer,15
63,1996,12,16,Vegie-spread,Condiments,35.1,43.9,5,0.20045558086560356,42,Core Customer,15
63,1997,1,100,Vegie-spread,Condiments,35.1,43.9,5,0.20045558086560356,42,Core Customer,15
63,1997,6,6,Vegie-spread,Condiments,43.9,43.9,5,0.0,42,Core Customer,15
63,1997,7,24,Vegie-spread,Condiments,43.9,43.9,5,0.0,42,Core Customer,15
63,1997,10,20,Vegie-spread,Condiments,43.9,43.9,5,0.0,42,Core Customer,15
63,1997,11,9,Vegie-spread,Condiments,43.9,43.9,5,0.0,42,Core Customer,15
63,1997,12,30,Vegie-spread,Condiments,43.9,43.9,5,0.0,42,Core Customer,15
63,1998,3,105,Vegie-spread,Condiments,43.9,43.9,5,0.0,42,Core Customer,15
63,1998,4,42,Vegie-spread,Condiments,43.9,43.9,5,0.0,42,Core Customer,15
64,1996,8,9,Wimmers gute Semmelknödel,Grains/Cereals,26.6,33.25,6,0.19999999999999996,17,VIP,19
64,1996,10,50,Wimmers gute Semmelknödel,Grains/Cereals,26.6,33.25,6,0.19999999999999996,17,VIP,19
64,1996,11,35,Wimmers gute Semmelknödel,Grains/Cereals,26.6,33.25,6,0.19999999999999996,17,VIP,19
64,1996,12,30,Wimmers gute Semmelknödel,Grains/Cereals,26.6,33.25,6,0.19999999999999996,17,VIP,19
64,1997,1,7,Wimmers gute Semmelknödel,Grains/Cereals,26.6,33.25,6,0.19999999999999996,17,VIP,19
64,1997,2,71,Wimmers gute Semmelknödel,Grains/Cereals,26.600000000000005,33.25,6,0.19999999999999984,17,VIP,19
64,1997,3,38,Wimmers gute Semmelknödel,Grains/Cereals,26.6,33.25,6,0.19999999999999996,17,VIP,19
64,1997,6,54,Wimmers gute Semmelknödel,Grains/Cereals,33.25,33.25,6,0.0,17,VIP,19
64,1997,8,9,Wimmers gute Semmelknödel,Grains/Cereals,33.25,33.25,6,0.0,17,VIP,19
64,1997,9,43,Wimmers gute Semmelknödel,Grains/Cereals,33.25,33.25,6,0.0,17,VIP,19
64,1997,11,24,Wimmers gute Semmelknödel,Grains/Cereals,33.25,33.25,6,0.0,17,VIP,19
64,1997,12,35,Wimmers gute Semmelknödel,Grains/Cereals,33.25,33.25,6,0.0,17,VIP,19
64,1998,1,111,Wimmers gute Semmelknödel,Grains/Cereals,33.25,33.25,6,0.0,17,VIP,19
64,1998,2,35,Wimmers gute Semmelknödel,Grains/Cereals,33.25,33.25,6,0.0,17,VIP,19
64,1998,3,12,Wimmers gute Semmelknödel,Grains/Cereals,33.25,33.25,6,0.0,17,VIP,19
64,1998,4,45,Wimmers gute Semmelknödel,Grains/Cereals,33.25,33.25,6,0.0,17,VIP,19
64,1998,5,132,Wimmers gute Semmelknödel,Grains/Cereals,33.25,33.25,6,0.0,17,VIP,19
65,1996,7,35,Louisiana Fiery Hot Pepper Sauce,Condiments,16.8,21.05,5,0.20190023752969122,30,Core Customer,23
65,1996,9,30,Louisiana Fiery Hot Pepper Sauce,Condiments,16.8,21.05,5,0.20190023752969122,30,Core Customer,23
65,1996,10,40,Louisiana Fiery Hot Pepper Sauce,Condiments,16.8,21.05,5,0.20190023752969122,30,Core Customer,23
65,1996,11,30,Louisiana Fiery Hot Pepper Sauce,Condiments,16.8,21.05,5,0.20190023752969122,30,Core Customer,23
65,1996,12,20,Louisiana Fiery Hot Pepper Sauce,Condiments,16.8,21.05,5,0.20190023752969122,30,Core Customer,23
65,1997,1,20,Louisiana Fiery Hot Pepper Sauce,Condiments,16.8,21.05,5,0.20190023752969122,30,Core Customer,23
65,1997,2,63,Louisiana Fiery Hot Pepper Sauce,Condiments,16.8,21.05,5,0.20190023752969122,30,Core Customer,23
65,1997,4,74,Louisiana Fiery Hot Pepper Sauce,Condiments,19.633333333333336,21.05,5,0.06730007917656367,30,Core Customer,23
65,1997,5,36,Louisiana Fiery Hot Pepper Sauce,Condiments,21.05,21.05,5,0.0,30,Core Customer,23
65,1997,6,30,Louisiana Fiery Hot Pepper Sauce,Condiments,21.05,21.05,5,0.0,30,Core Customer,23
65,1997,7,12,Louisiana Fiery Hot Pepper Sauce,Condiments,21.05,21.05,5,0.0,30,Core Customer,23
65,1997,8,21,Louisiana Fiery Hot Pepper Sauce,Condiments,21.05,21.05,5,0.0,30,Core Customer,23
65,1997,9,37,Louisiana Fiery Hot Pepper Sauce,Condiments,21.05,21.05,5,0.0,30,Core Customer,23
65,1997,10,65,Louisiana Fiery Hot Pepper Sauce,Condiments,21.05,21.05,5,0.0,30,Core Customer,23
65,1997,11,50,Louisiana Fiery Hot Pepper Sauce,Condiments,21.05,21.05,5,0.0,30,Core Customer,23
65,1997,12,82,Louisiana Fiery Hot Pepper Sauce,Condiments,21.05,21.05,5,0.0,30,Core Customer,23
65,1998,1,15,Louisiana Fiery Hot Pepper Sauce,Condiments,21.05,21.05,5,0.0,30,Core Customer,23
65,1998,2,64,Louisiana Fiery Hot Pepper Sauce,Condiments,21.05,21.05,5,0.0,30,Core Customer,23
65,1998,4,21,Louisiana Fiery Hot Pepper Sauce,Condiments,21.05,21.05,5,0.0,30,Core Customer,23
66,1996,9,30,Louisiana Hot Spiced Okra,Condiments,13.6,17.0,5,0.20000000000000007,2,Core Customer,8
66,1997,2,60,Louisiana Hot Spiced Okra,Condiments,13.6,17.0,5,0.20000000000000007,2,Core Customer,8
66,1997,3,60,Louisiana Hot Spiced Okra,Condiments,13.6,17.0,5,0.20000000000000007,2,Core Customer,8
66,1997,4,10,Louisiana Hot Spiced Okra,Condiments,13.6,17.0,5,0.20000000000000007,2,Core Customer,8
66,1997,5,24,Louisiana Hot Spiced Okra,Condiments,17.0,17.0,5,0.0,2,Core Customer,8
66,1997,9,4,Louisiana Hot Spiced Okra,Condiments,17.0,17.0,5,0.0,2,Core Customer,8
66,1997,12,50,Louisiana Hot Spiced Okra,Condiments,17.0,17.0,5,0.0,2,Core Customer,8
66,1998,5,1,Louisiana Hot Spiced Okra,Condiments,17.0,17.0,5,0.0,2,Core Customer,8
67,1996,8,5,Laughing Lumberjack Lager,Beverages,11.2,14.0,1,0.20000000000000007,75,Core Customer,10
67,1997,4,30,Laughing Lumberjack Lager,Beverages,14.0,14.0,1,0.0,75,Core Customer,10
67,1997,5,7,Laughing Lumberjack Lager,Beverages,14.0,14.0,1,0.0,75,Core Customer,10
67,1997,9,25,Laughing Lumberjack Lager,Beverages,14.0,14.0,1,0.0,75,Core Customer,10
67,1997,12,3,Laughing Lumberjack Lager,Beverages,14.0,14.0,1,0.0,75,Core Customer,10
67,1998,2,30,Laughing Lumberjack Lager,Beverages,14.0,14.0,1,0.0,75,Core Customer,10
67,1998,3,64,Laughing Lumberjack Lager,Beverages,14.0,14.0,1,0.0,75,Core Customer,10
67,1998,4,20,Laughing Lumberjack Lager,Beverages,14.0,14.0,1,0.0,75,Core Customer,10
68,1996,8,3,Scottish Longbreads,Confections,10.0,12.5,3,0.19999999999999996,40,Core Customer,27
68,1996,9,38,Scottish Longbreads,Confections,10.0,12.5,3,0.19999999999999996,40,Core Customer,27
68,1996,10,24,Scottish Longbreads,Confections,10.0,12.5,3,0.19999999999999996,40,Core Customer,27
68,1996,12,68,Scottish Longbreads,Confections,10.0,12.5,3,0.19999999999999996,40,Core Customer,27
68,1997,1,66,Scottish Longbreads,Confections,10.0,12.5,3,0.19999999999999996,40,Core Customer,27
68,1997,2,21,Scottish Longbreads,Confections,10.0,12.5,3,0.19999999999999996,40,Core Customer,27
68,1997,3,30,Scottish Longbreads,Confections,10.0,12.5,3,0.19999999999999996,40,Core Customer,27
68,1997,4,6,Scottish Longbreads,Confections,12.5,12.5,3,0.0,40,Core Customer,27
68,1997,5,55,Scottish Longbreads,Confections,12.5,12.5,3,0.0,40,Core Customer,27
68,1997,8,33,Scottish Longbreads,Confections,12.5,12.5,3,0.0,40,Core Customer,27
68,1997,9,10,Scottish Longbreads,Confections,12.5,12.5,3,0.0,40,Core Customer,27
68,1997,10,85,Scottish Longbreads,Confections,12.5,12.5,3,0.0,40,Core Customer,27
68,1997,11,6,Scottish Longbreads,Confections,12.5,12.5,3,0.0,40,Core Customer,27
68,1997,12,73,Scottish Longbreads,Confections,12.5,12.5,3,0.0,40,Core Customer,27
68,1998,1,44,Scottish Longbreads,Confections,12.5,12.5,3,0.0,40,Core Customer,27
68,1998,2,58,Scottish Longbreads,Confections,12.5,12.5,3,0.0,40,Core Customer,27
68,1998,3,80,Scottish Longbreads,Confections,12.5,12.5,3,0.0,40,Core Customer,27
68,1998,4,44,Scottish Longbreads,Confections,12.5,12.5,3,0.0,40,Core Customer,27
68,1998,5,55,Scottish Longbreads,Confections,12.5,12.5,3,0.0,40,Core Customer,27
69,1996,9,23,Gudbrandsdalsost,Dairy Products,28.8,36.0,2,0.19999999999999996,56,VIP,24
69,1996,11,68,Gudbrandsdalsost,Dairy Products,28.8,36.0,2,0.19999999999999996,56,VIP,24
69,1996,12,58,Gudbrandsdalsost,Dairy Products,28.8,36.0,2,0.19999999999999996,56,VIP,24
69,1997,1,35,Gudbrandsdalsost,Dairy Products,28.8,36.0,2,0.19999999999999996,56,VIP,24
69,1997,4,10,Gudbrandsdalsost,Dairy Products,28.8,36.0,2,0.19999999999999996,56,VIP,24
69,1997,5,28,Gudbrandsdalsost,Dairy Products,36.0,36.0,2,0.0,56,VIP,24
69,1997,6,10,Gudbrandsdalsost,Dairy Products,36.0,36.0,2,0.0,56,VIP,24
69,1997,7,85,Gudbrandsdalsost,Dairy Products,36.0,36.0,2,0.0,56,VIP,24
69,1997,8,20,Gudbrandsdalsost,Dairy Products,36.0,36.0,2,0.0,56,VIP,24
69,1997,9,45,Gudbrandsdalsost,Dairy Products,36.0,36.0,2,0.0,56,VIP,24
69,1997,10,55,Gudbrandsdalsost,Dairy Products,36.0,36.0,2,0.0,56,VIP,24
69,1997,11,118,Gudbrandsdalsost,Dairy Products,36.0,36.0,2,0.0,56,VIP,24
69,1997,12,24,Gudbrandsdalsost,Dairy Products,36.0,36.0,2,0.0,56,VIP,24
69,1998,2,50,Gudbrandsdalsost,Dairy Products,36.0,36.0,2,0.0,56,VIP,24
69,1998,3,19,Gudbrandsdalsost,Dairy Products,36.0,36.0,2,0.0,56,VIP,24
69,1998,4,66,Gudbrandsdalsost,Dairy Products,36.0,36.0,2,0.0,56,VIP,24
70,1996,7,41,Outback Lager,Beverages,12.0,15.0,1,0.19999999999999996,46,Core Customer,30
70,1996,9,55,Outback Lager,Beverages,12.0,15.0,1,0.19999999999999996,46,Core Customer,30
70,1996,12,60,Outback Lager,Beverages,12.0,15.0,1,0.19999999999999996,46,Core Customer,30
70,1997,1,8,Outback Lager,Beverages,12.0,15.0,1,0.19999999999999996,46,Core Customer,30
70,1997,2,25,Outback Lager,Beverages,12.0,15.0,1,0.19999999999999996,46,Core Customer,30
70,1997,3,72,Outback Lager,Beverages,12.0,15.0,1,0.19999999999999996,46,Core Customer,30
70,1997,4,20,Outback Lager,Beverages,15.0,15.0,1,0.0,46,Core Customer,30
70,1997,5,7,Outback Lager,Beverages,15.0,15.0,1,0.0,46,Core Customer,30
70,1997,7,15,Outback Lager,Beverages,15.0,15.0,1,0.0,46,Core Customer,30
70,1997,8,35,Outback Lager,Beverages,15.0,15.0,1,0.0,46,Core Customer,30
70,1997,9,40,Outback Lager,Beverages,15.0,15.0,1,0.0,46,Core Customer,30
70,1997,10,116,Outback Lager,Beverages,15.0,15.0,1,0.0,46,Core Customer,30
70,1997,11,40,Outback Lager,Beverages,15.0,15.0,1,0.0,46,Core Customer,30
70,1997,12,35,Outback Lager,Beverages,15.0,15.0,1,0.0,46,Core Customer,30
70,1998,1,96,Outback Lager,Beverages,15.0,15.0,1,0.0,46,Core Customer,30
70,1998,2,83,Outback Lager,Beverages,15.0,15.0,1,0.0,46,Core Customer,30
70,1998,4,69,Outback Lager,Beverages,15.0,15.0,1,0.0,46,Core Customer,30
71,1996,8,20,Flotemysost,Dairy Products,17.2,21.5,2,0.20000000000000007,10,VIP,27
71,1996,9,5,Flotemysost,Dairy Products,17.2,21.5,2,0.20000000000000007,10,VIP,27
71,1996,10,70,Flotemysost,Dairy Products,17.2,21.5,2,0.20000000000000007,10,VIP,27
71,1996,11,5,Flotemysost,Dairy Products,17.2,21.5,2,0.20000000000000007,10,VIP,27
71,1996,12,161,Flotemysost,Dairy Products,17.2,21.5,2,0.20000000000000007,10,VIP,27
71,1997,1,75,Flotemysost,Dairy Products,17.2,21.5,2,0.20000000000000007,10,VIP,27
71,1997,2,82,Flotemysost,Dairy Products,17.2,21.5,2,0.20000000000000007,10,VIP,27
71,1997,3,12,Flotemysost,Dairy Products,17.2,21.5,2,0.20000000000000007,10,VIP,27
71,1997,5,9,Flotemysost,Dairy Products,21.5,21.5,2,0.0,10,VIP,27
71,1997,7,39,Flotemysost,Dairy Products,21.5,21.5,2,0.0,10,VIP,27
71,1997,8,65,Flotemysost,Dairy Products,21.5,21.5,2,0.0,10,VIP,27
71,1997,9,26,Flotemysost,Dairy Products,21.5,21.5,2,0.0,10,VIP,27
71,1997,10,118,Flotemysost,Dairy Products,21.5,21.5,2,0.0,10,VIP,27
71,1997,12,28,Flotemysost,Dairy Products,21.5,21.5,2,0.0,10,VIP,27
71,1998,1,55,Flotemysost,Dairy Products,21.5,21.5,2,0.0,10,VIP,27
71,1998,2,55,Flotemysost,Dairy Products,21.5,21.5,2,0.0,10,VIP,27
71,1998,3,35,Flotemysost,Dairy Products,21.5,21.5,2,0.0,10,VIP,27
71,1998,4,197,Flotemysost,Dairy Products,21.5,21.5,2,0.0,10,VIP,27
72,1996,7,29,Mozzarella di Giovanni,Dairy Products,30.133333333333336,34.8,2,0.13409961685823735,12,VIP,33
72,1996,8,34,Mozzarella di Giovanni,Dairy Products,27.8,34.8,2,0.20114942528735624,12,VIP,33
72,1996,9,20,Mozzarella di Giovanni,Dairy Products,27.8,34.8,2,0.20114942528735624,12,VIP,33
72,1996,10,90,Mozzarella di Giovanni,Dairy Products,27.8,34.8,2,0.20114942528735624,12,VIP,33
72,1996,12,87,Mozzarella di Giovanni,Dairy Products,27.8,34.8,2,0.20114942528735624,12,VIP,33
72,1997,2,50,Mozzarella di Giovanni,Dairy Products,27.8,34.8,2,0.20114942528735624,12,VIP,33
72,1997,4,25,Mozzarella di Giovanni,Dairy Products,27.8,34.8,2,0.20114942528735624,12,VIP,33
72,1997,5,55,Mozzarella di Giovanni,Dairy Products,34.8,34.8,2,0.0,12,VIP,33
72,1997,6,54,Mozzarella di Giovanni,Dairy Products,34.8,34.8,2,0.0,12,VIP,33
72,1997,7,12,Mozzarella di Giovanni,Dairy Products,34.8,34.8,2,0.0,12,VIP,33
72,1997,8,75,Mozzarella di Giovanni,Dairy Products,34.8,34.8,2,0.0,12,VIP,33
72,1997,11,42,Mozzarella di Giovanni,Dairy Products,34.8,34.8,2,0.0,12,VIP,33
72,1997,12,40,Mozzarella di Giovanni,Dairy Products,34.8,34.8,2,0.0,12,VIP,33
72,1998,1,55,Mozzarella di Giovanni,Dairy Products,34.8,34.8,2,0.0,12,VIP,33
72,1998,3,101,Mozzarella di Giovanni,Dairy Products,34.8,34.8,2,0.0,12,VIP,33
72,1998,4,37,Mozzarella di Giovanni,Dairy Products,34.8,34.8,2,0.0,12,VIP,33
73,1996,8,25,Röd Kaviar,Seafood,12.0,15.0,4,0.19999999999999996,66,VIP,11
73,1997,1,20,Röd Kaviar,Seafood,12.0,15.0,4,0.19999999999999996,66,VIP,11
73,1997,3,20,Röd Kaviar,Seafood,12.0,15.0,4,0.19999999999999996,66,VIP,11
73,1997,5,33,Röd Kaviar,Seafood,15.0,15.0,4,0.0,66,VIP,11
73,1997,6,3,Röd Kaviar,Seafood,15.0,15.0,4,0.0,66,VIP,11
73,1997,7,30,Röd Kaviar,Seafood,15.0,15.0,4,0.0,66,VIP,11
73,1997,8,35,Röd Kaviar,Seafood,15.0,15.0,4,0.0,66,VIP,11
73,1997,9,50,Röd Kaviar,Seafood,15.0,15.0,4,0.0,66,VIP,11
73,1997,10,50,Röd Kaviar,Seafood,15.0,15.0,4,0.0,66,VIP,11
73,1997,11,15,Röd Kaviar,Seafood,15.0,15.0,4,0.0,66,VIP,11
73,1998,2,10,Röd Kaviar,Seafood,15.0,15.0,4,0.0,66,VIP,11
73,1998,5,2,Röd Kaviar,Seafood,15.0,15.0,4,0.0,66,VIP,11
74,1996,7,57,Longlife Tofu,Produce,8.0,10.0,8,0.19999999999999996,1,VIP,11
74,1996,12,84,Longlife Tofu,Produce,8.0,10.0,8,0.19999999999999996,1,VIP,11
74,1997,1,15,Longlife Tofu,Produce,8.0,10.0,8,0.19999999999999996,1,VIP,11
74,1997,2,30,Longlife Tofu,Produce,8.0,10.0,8,0.19999999999999996,1,VIP,11
74,1997,3,16,Longlife Tofu,Produce,8.0,10.0,8,0.19999999999999996,1,VIP,11
74,1997,11,5,Longlife Tofu,Produce,10.0,10.0,8,0.0,1,VIP,11
74,1997,12,50,Longlife Tofu,Produce,10.0,10.0,8,0.0,1,VIP,11
74,1998,1,20,Longlife Tofu,Produce,10.0,10.0,8,0.0,1,VIP,11
74,1998,4,20,Longlife Tofu,Produce,10.0,10.0,8,0.0,1,VIP,11
75,1996,8,42,Rhönbräu Klosterbier,Beverages,6.2,7.75,1,0.19999999999999996,58,VIP,33
75,1996,9,10,Rhönbräu Klosterbier,Beverages,6.2,7.75,1,0.19999999999999996,58,VIP,33
75,1996,10,50,Rhönbräu Klosterbier,Beverages,6.2,7.75,1,0.19999999999999996,58,VIP,33
75,1996,11,18,Rhönbräu Klosterbier,Beverages,6.2,7.75,1,0.19999999999999996,58,VIP,33
75,1997,2,28,Rhönbräu Klosterbier,Beverages,6.2,7.75,1,0.19999999999999996,58,VIP,33
75,1997,3,46,Rhönbräu Klosterbier,Beverages,6.2,7.75,1,0.19999999999999996,58,VIP,33
75,1997,4,86,Rhönbräu Klosterbier,Beverages,7.75,7.75,1,0.0,58,VIP,33
75,1997,5,30,Rhönbräu Klosterbier,Beverages,7.75,7.75,1,0.0,58,VIP,33
75,1997,6,126,Rhönbräu Klosterbier,Beverages,7.75,7.75,1,0.0,58,VIP,33
75,1997,7,70,Rhönbräu Klosterbier,Beverages,7.75,7.75,1,0.0,58,VIP,33
75,1997,8,10,Rhönbräu Klosterbier,Beverages,7.75,7.75,1,0.0,58,VIP,33
75,1997,9,55,Rhönbräu Klosterbier,Beverages,7.75,7.75,1,0.0,58,VIP,33
75,1997,10,42,Rhönbräu Klosterbier,Beverages,7.75,7.75,1,0.0,58,VIP,33
75,1997,11,20,Rhönbräu Klosterbier,Beverages,7.75,7.75,1,0.0,58,VIP,33
75,1997,12,117,Rhönbräu Klosterbier,Beverages,7.75,7.75,1,0.0,58,VIP,33
75,1998,1,20,Rhönbräu Klosterbier,Beverages,7.75,7.75,1,0.0,58,VIP,33
75,1998,2,134,Rhönbräu Klosterbier,Beverages,7.75,7.75,1,0.0,58,VIP,33
75,1998,3,217,Rhönbräu Klosterbier,Beverages,7.75,7.75,1,0.0,58,VIP,33
75,1998,4,30,Rhönbräu Klosterbier,Beverages,7.75,7.75,1,0.0,58,VIP,33
75,1998,5,4,Rhönbräu Klosterbier,Beverages,7.75,7.75,1,0.0,58,VIP,33
76,1996,7,15,Lakkalikööri,Beverages,14.4,18.0,1,0.19999999999999996,28,VIP,33
76,1996,8,33,Lakkalikööri,Beverages,14.4,18.0,1,0.19999999999999996,28,VIP,33
76,1996,10,51,Lakkalikööri,Beverages,14.4,18.0,1,0.19999999999999996,28,VIP,33
76,1996,11,12,Lakkalikööri,Beverages,14.4,18.0,1,0.19999999999999996,28,VIP,33
76,1996,12,35,Lakkalikööri,Beverages,14.4,18.0,1,0.19999999999999996,28,VIP,33
76,1997,1,34,Lakkalikööri,Beverages,14.4,18.0,1,0.19999999999999996,28,VIP,33
76,1997,2,18,Lakkalikööri,Beverages,14.4,18.0,1,0.19999999999999996,28,VIP,33
76,1997,3,42,Lakkalikööri,Beverages,14.4,18.0,1,0.19999999999999996,28,VIP,33
76,1997,5,50,Lakkalikööri,Beverages,18.0,18.0,1,0.0,28,VIP,33
76,1997,6,64,Lakkalikööri,Beverages,18.0,18.0,1,0.0,28,VIP,33
76,1997,7,94,Lakkalikööri,Beverages,18.0,18.0,1,0.0,28,VIP,33
76,1997,8,35,Lakkalikööri,Beverages,18.0,18.0,1,0.0,28,VIP,33
76,1997,9,10,Lakkalikööri,Beverages,18.0,18.0,1,0.0,28,VIP,33
76,1997,10,50,Lakkalikööri,Beverages,18.0,18.0,1,0.0,28,VIP,33
76,1997,11,50,Lakkalikööri,Beverages,18.0,18.0,1,0.0,28,VIP,33
76,1998,1,91,Lakkalikööri,Beverages,18.0,18.0,1,0.0,28,VIP,33
76,1998,2,10,Lakkalikööri,Beverages,18.0,18.0,1,0.0,28,VIP,33
76,1998,3,139,Lakkalikööri,Beverages,18.0,18.0,1,0.0,28,VIP,33
76,1998,4,146,Lakkalikööri,Beverages,18.0,18.0,1,0.0,28,VIP,33
76,1998,5,2,Lakkalikööri,Beverages,18.0,18.0,1,0.0,28,VIP,33
77,1996,7,27,Original Frankfurter grüne Soße,Condiments,10.4,13.0,5,0.19999999999999996,34,Core Customer,28
77,1996,8,10,Original Frankfurter grüne Soße,Condiments,10.4,13.0,5,0.19999999999999996,34,Core Customer,28
77,1996,11,12,Original Frankfurter grüne Soße,Condiments,10.4,13.0,5,0.19999999999999996,34,Core Customer,28
77,1996,12,14,Original Frankfurter grüne Soße,Condiments,10.4,13.0,5,0.19999999999999996,34,Core Customer,28
77,1997,1,45,Original Frankfurter grüne Soße,Condiments,10.4,13.0,5,0.19999999999999996,34,Core Customer,28
77,1997,2,55,Original Frankfurter grüne Soße,Condiments,10.4,13.0,5,0.19999999999999996,34,Core Customer,28
77,1997,3,37,Original Frankfurter grüne Soße,Condiments,10.4,13.0,5,0.19999999999999996,34,Core Customer,28
77,1997,4,30,Original Frankfurter grüne Soße,Condiments,10.4,13.0,5,0.19999999999999996,34,Core Customer,28
77,1997,5,10,Original Frankfurter grüne Soße,Condiments,13.0,13.0,5,0.0,34,Core Customer,28
77,1997,6,18,Original Frankfurter grüne Soße,Condiments,13.0,13.0,5,0.0,34,Core Customer,28
77,1997,7,85,Original Frankfurter grüne Soße,Condiments,13.0,13.0,5,0.0,34,Core Customer,28
77,1997,8,35,Original Frankfurter grüne Soße,Condiments,13.0,13.0,5,0.0,34,Core Customer,28
77,1997,9,70,Original Frankfurter grüne Soße,Condiments,13.0,13.0,5,0.0,34,Core Customer,28
77,1997,10,30,Original Frankfurter grüne Soße,Condiments,13.0,13.0,5,0.0,34,Core Customer,28
77,1997,11,2,Original Frankfurter grüne Soße,Condiments,13.0,13.0,5,0.0,34,Core Customer,28
77,1997,12,15,Original Frankfurter grüne Soße,Condiments,13.0,13.0,5,0.0,34,Core Customer,28
77,1998,1,52,Original Frankfurter grüne Soße,Condiments,13.0,13.0,5,0.0,34,Core Customer,28
77,1998,2,65,Original Frankfurter grüne Soße,Condiments,13.0,13.0,5,0.0,34,Core Customer,28
77,1998,3,70,Original Frankfurter grüne Soße,Condiments,13.0,13.0,5,0.0,34,Core Customer,28
77,1998,4,79,Original Frankfurter grüne Soße,Condiments,13.0,13.0,5,0.0,34,Core Customer,28
77,1998,5,30,Original Frankfurter grüne Soße,Condiments,13.0,13.0,5,0.0,34,Core Customer,28
